SALE TYPE,SOLD DATE,PROPERTY TYPE,ADDRESS,CITY,STATE,ZIP,PRICE,BEDS,BATHS,LOCATION,SQUARE FEET,LOT SIZE,YEAR BUILT,DAYS ON MARKET,$/SQUARE FEET,HOA/MONTH,STATUS,NEXT OPEN HOUSE START TIME,NEXT OPEN HOUSE END TIME,URL (SEE http://www.redfin.com/buy-a-home/comparative-market-analysis FOR INFO ON PRICING),SOURCE,MLS#,FAVORITE,INTERESTED,LATITUDE,LONGITUDE
PAST SALE,April-4-2018,Single Family Residential,5514 Picardy Dr,Oakland,CA,94605,800000,4,2.0,Normandy Gardens,1650,3230,1926,14,485,,Sold,,,http://www.redfin.com/CA/Oakland/5514-Picardy-Dr-N-94605/home/1563765,EBRD/CCAR/Bay East,40815087,N,Y,37.7758372,-122.1905465
PAST SALE,April-16-2018,Multi-Family (2-4 Unit),2812 76th Ave,Oakland,CA,94605,555000,4,3.0,Eastmont Area,2576,4068,1940,2,215,,Sold,,,http://www.redfin.com/CA/Oakland/2812-76th-Ave-94605/home/2036652,EBRD/CCAR/Bay East,40808499,N,Y,37.7676677,-122.1692611
PAST SALE,September-5-2017,Single Family Residential,4009 Malcolm Ave,Oakland,CA,94605,740000,3,2.5,Chabot Park,1948,9086,1960,225,380,,Sold,,,http://www.redfin.com/CA/Oakland/4009-Malcolm-Ave-94605/home/1993133,EBRD/CCAR/Bay East,40787391,N,Y,37.7508081,-122.134996
PAST SALE,July-1-2017,Single Family Residential,8301 Aster Ave,Oakland,CA,94605,760000,4,2.0,Oakland,2354,6962,1938,291,323,,Sold,,,http://www.redfin.com/CA/Oakland/8301-Aster-Ave-94605/home/1417868,EBRD/CCAR/Bay East,40781777,N,Y,37.764025,-122.160524
PAST SALE,May-10-2017,Condo/Co-op,6144 Old Quarry Loop,Oakland,CA,94605,505000,2,2.0,East Oakl Hills,1079,,2007,343,468,282,Sold,,,http://www.redfin.com/CA/Oakland/6144-Old-Quarry-Loop-94605/home/21670339,EBRD/CCAR/Bay East,40775089,N,Y,37.778864,-122.165009
PAST SALE,November-17-2017,Single Family Residential,7841 Surrey Ln,Oakland,CA,94605,823000,4,3.0,Sequoyah,2442,8400,1970,152,337,,Sold,,,http://www.redfin.com/CA/Oakland/7841-Surrey-Ln-94605/home/592451,EBRD/CCAR/Bay East,40790031,N,Y,37.7765009,-122.1385228
PAST SALE,October-27-2017,Single Family Residential,4751 Dunkirk Ave,Oakland,CA,94605,810000,3,2.0,Grass Valley,1524,6912,1956,173,531,,Sold,,,http://www.redfin.com/CA/Oakland/4751-Dunkirk-Ave-94605/home/661538,EBRD/CCAR/Bay East,40797923,N,Y,37.7534482,-122.1243484
PAST SALE,February-28-2018,Townhouse,6129 Old Quarry,Oakland,CA,94605,680000,3,3.0,Oakland,1800,,2006,49,378,350,Sold,,,http://www.redfin.com/CA/Oakland/6129-Old-Quarry-Loop-94605/home/12115918,San Francisco MLS,466352,N,Y,37.778179,-122.164087
PAST SALE,October-4-2016,Single Family Residential,3240 62ND Ave,Oakland,CA,94605,530000,2,1.0,Millsmont Area,1024,4440,1928,561,518,,Sold,,,http://www.redfin.com/CA/Oakland/3240-62nd-Ave-94605/home/1925170,EBRD/CCAR/Bay East,40754913,N,Y,37.7745968,-122.1815561
PAST SALE,July-6-2017,Single Family Residential,3101 Partridge Ave,Oakland,CA,94605,675000,4,2.0,King Estates,1442,4564,1939,286,468,,Sold,,,http://www.redfin.com/CA/Oakland/3101-Partridge-Ave-94605/home/2040553,EBRD/CCAR/Bay East,40783448,N,Y,37.7653356,-122.1618545
PAST SALE,September-30-2015,Single Family Residential,3680 MALCOLM Ave,Oakland,CA,94605,720000,3,2.5,Oakland Zoo,2110,8480,1960,931,341,,Sold,,,http://www.redfin.com/CA/Oakland/3680-Malcolm-Ave-94605/home/1930765,EBRD/CCAR/Bay East,40711244,N,Y,37.7465645,-122.1377243
PAST SALE,September-12-2017,Single Family Residential,3055 Bantry Ave,Oakland,CA,94605,525000,2,1.0,Millmont,960,11832,1960,218,547,,Sold,,,http://www.redfin.com/CA/Oakland/3055-Bantry-Ave-94605/home/1161573,EBRD/CCAR/Bay East,40787922,N,Y,37.7720564,-122.1700039
PAST SALE,May-26-2017,Single Family Residential,5528 Picardy Dr S,Oakland,CA,94605-1174,850000,3,2.0,Normandy Gardens,1681,4500,1926,327,506,,Sold,,,http://www.redfin.com/CA/Oakland/5528-Picardy-Dr-S-94605/home/567257,EBRD/CCAR/Bay East,40777447,N,Y,37.7754746,-122.1906352
PAST SALE,April-14-2017,Single Family Residential,7560 Hansom Dr,Oakland,CA,94605-3803,870000,3,3.0,Sequoyah Hills,1956,12874,1967,369,445,,Sold,,,http://www.redfin.com/CA/Oakland/7560-Hansom-Dr-94605/home/843353,EBRD/CCAR/Bay East,40772213,N,Y,37.7804448,-122.1435799
PAST SALE,September-19-2017,Single Family Residential,5921 Hilton St,Oakland,CA,94605,480000,2,2.0,Seminary,1238,3780,1922,211,388,,Sold,,,http://www.redfin.com/CA/Oakland/5921-Hilton-St-94605/home/568204,EBRD/CCAR/Bay East,40793246,N,Y,37.7690775,-122.1930295
PAST SALE,June-9-2017,Single Family Residential,8009 Earl St,Oakland,CA,94605,685000,3,2.0,Eastmont Hills,1573,4500,1937,313,435,,Sold,,,http://www.redfin.com/CA/Oakland/8009-Earl-St-94605/home/579005,EBRD/CCAR/Bay East,40779794,N,Y,37.7695998,-122.1561773
PAST SALE,March-21-2017,Single Family Residential,3892 Delmont Ave,Oakland,CA,94605,575000,2,1.0,Millmont,1115,6550,1954,393,516,,Sold,,,http://www.redfin.com/CA/Oakland/3892-Delmont-Ave-94605/home/1256789,EBRD/CCAR/Bay East,40769991,N,Y,37.7761517,-122.1715561
PAST SALE,April-26-2017,Single Family Residential,7529 Ney Ave,Oakland,CA,94605,440000,2,1.0,Eastmont Hills,838,3996,1926,357,525,,Sold,,,http://www.redfin.com/CA/Oakland/7529-Ney-Ave-94605/home/1031272,EBRD/CCAR/Bay East,40773930,N,Y,37.7686579,-122.1694385
PAST SALE,May-25-2016,Single Family Residential,500 Elysian Fields Dr,Oakland,CA,94605,956000,3,2.0,Sequoyah Hghlds,2194,20925,1966,693,436,,Sold,,,http://www.redfin.com/CA/Oakland/500-Elysian-Fields-Dr-94605/home/603751,EBRD/CCAR/Bay East,40735018,N,Y,37.7626667,-122.1289403
PAST SALE,April-4-2017,Single Family Residential,2581 64th Ave,Oakland,CA,94605,405000,3,2.0,Havenscourt,924,2500,1923,379,438,,Sold,,,http://www.redfin.com/CA/Oakland/2581-64th-Ave-94605/home/568704,EBRD/CCAR/Bay East,40768442,N,Y,37.7694596,-122.1863008
PAST SALE,November-23-2016,Multi-Family (2-4 Unit),7878 NEY Ave,Oakland,CA,94605-3310,665000,10,5.0,Oakland,4010,13500,1941,511,166,,Sold,,,http://www.redfin.com/CA/Oakland/7878-Ney-Ave-94605/home/1728116,EBRD/CCAR/Bay East,40725295,N,Y,37.7663818,-122.1658905
PAST SALE,March-16-2018,Single Family Residential,6575 Simson St,Oakland,CA,94605,925000,3,2.0,Millsmont Area,1788,15096,1952,33,517,,Sold,,,http://www.redfin.com/CA/Oakland/6575-Simson-St-94605/home/1775113,EBRD/CCAR/Bay East,40809150,N,Y,37.7755991,-122.1738289
PAST SALE,October-19-2016,Single Family Residential,3883 FAIRWAY Ave,Oakland,CA,94605,600000,4,2.5,Sequoyah,1420,5650,1950,546,423,,Sold,,,http://www.redfin.com/CA/Oakland/3883-Fairway-Ave-94605/home/592624,EBRD/CCAR/Bay East,40748183,N,Y,37.7601932,-122.1466407
PAST SALE,April-4-2018,Single Family Residential,3515 64Th Ave,Oakland,CA,94605,515000,2,1.0,Chevrolet Park,768,1925,1926,14,671,,Sold,,,http://www.redfin.com/CA/Oakland/3515-64th-Ave-94605/home/678553,EBRD/CCAR/Bay East,40812525,N,Y,37.7755565,-122.1781305
PAST SALE,May-10-2017,Condo/Co-op,580 Canyon Oaks Dr Unit D,Oakland,CA,94605,445087,2,2.0,Shadow Woods,1123,,1986,343,396,390,Sold,,,http://www.redfin.com/CA/Oakland/580-Canyon-Oaks-Dr-94605/unit-D/home/12116924,EBRD/CCAR/Bay East,40775578,N,Y,37.772348,-122.147093
PAST SALE,March-16-2018,Single Family Residential,2626 76Th Ave,Oakland,CA,94605,260000,2,1.0,Eastmont,962,3500,1926,33,270,,Sold,,,http://www.redfin.com/CA/Oakland/2626-76th-Ave-94605/home/1904739,EBRD/CCAR/Bay East,40802756,N,Y,37.7654993,-122.173075
PAST SALE,April-16-2018,Single Family Residential,6901 sunkist,Oakland,CA,94605,723000,4,2.5,Eastmont Hills,2250,10800,1929,2,321,,Sold,,,http://www.redfin.com/CA/Oakland/6901-Sunkist-Dr-94605/home/1937024,EBRD/CCAR/Bay East,40813908,N,Y,37.7742153,-122.1688841
PAST SALE,,Vacant Land,Mountain Blvd,Oakland,CA,94605,1400500,,,,,,,,,,,,,http://www.redfin.com/CA/Oakland/Mountain-Blvd-94605/home/143116439,,,N,Y,37.7814887,-122.1717287
PAST SALE,,Vacant Land,Leona St,Oakland,CA,94605,60000,,,,,13430,,,,,,,,http://www.redfin.com/CA/Oakland/Leona-St-94605/home/22720033,,,N,Y,37.782403,-122.171534
PAST SALE,,Single Family Residential,13625 Campus Dr,Oakland,CA,94605,2100000,5,6.0,,5197,16171,2016,,404,,,,,http://www.redfin.com/CA/Oakland/13625-Campus-Dr-94605/home/22671277,,,N,Y,37.7803227,-122.1569866
PAST SALE,July-20-2015,Townhouse,6501 BAYVIEW Dr,Oakland,CA,94605,785130,4,2.5,Oakland,2415,3325,2015,1003,325,208,Sold,,,http://www.redfin.com/CA/Oakland/6501-Bayview-Dr-94605/home/22656397,EBRD/CCAR/Bay East,40691795,N,Y,37.7786832,-122.1619876
PAST SALE,,Single Family Residential,2301 82nd Ave,Oakland,CA,94605,325000,3,3.0,,1368,7235,1928,,238,,,,,http://www.redfin.com/CA/Oakland/2301-82nd-Ave-94605/home/1547130,,,N,Y,37.7612523,-122.1688029
PAST SALE,July-10-2017,Single Family Residential,3374 64th Ave,Oakland,CA,94605-1702,580000,2,1.0,Millsmont Area,1001,2500,1924,282,579,,Sold,,,http://www.redfin.com/CA/Oakland/3374-64th-Ave-94605/home/1962942,EBRD/CCAR/Bay East,40784499,N,Y,37.7747935,-122.178585
PAST SALE,August-4-2017,Single Family Residential,6320 Majestic Ave,Oakland,CA,94605,618000,3,2.0,Millsmont Area,1104,2450,1927,257,560,,Sold,,,http://www.redfin.com/CA/Oakland/6320-Majestic-Ave-94605/home/564896,EBRD/CCAR/Bay East,40787036,N,Y,37.7759662,-122.1776427
PAST SALE,August-27-2017,Single Family Residential,6708 Simson St,Oakland,CA,94605,425000,2,1.0,Millmont,737,6900,1925,234,577,,Sold,,,http://www.redfin.com/CA/Oakland/6708-Simson-St-94605/home/1957532,EBRD/CCAR/Bay East,40782932,N,Y,37.7748041,-122.1722768
PAST SALE,June-10-2015,Single Family Residential,6506 SIMSON St,Oakland,CA,94605,517000,2,1.0,Millsmont Area,957,6786,1961,1043,540,,Sold,,,http://www.redfin.com/CA/Oakland/6506-Simson-St-94605/home/1817136,EBRD/CCAR/Bay East,40697652,N,Y,37.7765346,-122.1736959
PAST SALE,October-24-2017,Single Family Residential,2333 80th Ave,Oakland,CA,94605-3234,330000,3,2.0,East Oakland,1306,5227,1926,176,253,,Sold,,,http://www.redfin.com/CA/Oakland/2333-80th-Ave-94605/home/1833353,EBRD/CCAR/Bay East,40787596,N,Y,37.7626297,-122.1693941
PAST SALE,February-22-2018,Multi-Family (2-4 Unit),6430 Bancroft Ave,Oakland,CA,94605,550000,4,2.0,Oakland,1823,5500,1942,55,302,,Sold,,,http://www.redfin.com/CA/Oakland/6430-Bancroft-Ave-94605/home/1798739,EBRD/CCAR/Bay East,40803080,N,Y,37.7702043,-122.1845604
PAST SALE,June-9-2015,Single Family Residential,4061 OAK HILL Rd,Oakland,CA,94605,829000,4,3.0,Sequoyah Heights,2770,9600,1959,1044,299,,Sold,,,http://www.redfin.com/CA/Oakland/4061-Oak-Hill-Rd-94605/home/537069,EBRD/CCAR/Bay East,40690926,N,Y,37.760364,-122.1420939
PAST SALE,March-24-2017,Single Family Residential,2906 Millsbrae Ave,Oakland,CA,94605,715000,3,2.0,Mills Gardens,1244,4960,1925,390,575,,Sold,,,http://www.redfin.com/CA/Oakland/2906-Millsbrae-Ave-94605/home/1642354,EBRD/CCAR/Bay East,40771162,N,Y,37.7743802,-122.18762
PAST SALE,March-24-2017,Single Family Residential,2233 Auseon Ave,Oakland,CA,94605,332000,2,1.0,Alameda County,958,5150,1923,390,347,,Sold,,,http://www.redfin.com/CA/Oakland/2233-Auseon-Ave-94605/home/1993007,BAREIS,21702951,N,Y,37.7567676,-122.1670879
PAST SALE,March-27-2017,Single Family Residential,7408 Outlook Ave,Oakland,CA,94605,625000,3,2.0,Eastmont Hills,1933,3285,1932,387,323,,Sold,,,http://www.redfin.com/CA/Oakland/7408-Outlook-Ave-94605/home/577464,EBRD/CCAR/Bay East,40769768,N,Y,37.7704306,-122.169128
PAST SALE,March-31-2017,Single Family Residential,2631 76TH Ave,Oakland,CA,94605,460000,4,2.5,Eastmont,1761,3000,2004,383,261,,Sold,,,http://www.redfin.com/CA/Oakland/2631-76th-Ave-94605/home/1363312,EBRD/CCAR/Bay East,40765904,N,Y,37.7658555,-122.1732524
PAST SALE,April-26-2016,Vacant Land,7642 Outlook Ave,Oakland,CA,94605,235000,,,Oakland,,28976,,722,,,Sold,,,http://www.redfin.com/CA/Oakland/7642-Outlook-Ave-94605/home/102967451,EBRD/CCAR/Bay East,40726672,N,Y,37.7688595,-122.16684
PAST SALE,May-5-2015,Single Family Residential,7588 HILLMONT Dr,Oakland,CA,94605,758800,5,5.0,King Estates,4191,12020,2009,1079,181,,Sold,,,http://www.redfin.com/CA/Oakland/7588-Hillmont-Dr-94605/home/22962036,EBRD/CCAR/Bay East,40692760,N,Y,37.7700475,-122.166467
PAST SALE,,Single Family Residential,2934 73rd Ave,Oakland,CA,94605,322000,2,1.0,,1168,3762,1931,,276,,,,,http://www.redfin.com/CA/Oakland/2934-73rd-Ave-94605/home/1497076,,,N,Y,37.7702183,-122.1701924
PAST SALE,November-16-2017,Single Family Residential,,Oakland,CA,94605,580000,2,1.0,Toler Heights,1024,5040,1946,153,566,,Sold,,,http://www.redfin.com/CA/Oakland/Undisclosed-address-94605/home/1655361,EBRD/CCAR/Bay East,40801084,N,Y,37.7487837,-122.1547136
PAST SALE,March-16-2017,Condo/Co-op,570 Canyon Oaks Dr Unit G,Oakland,CA,94605,485000,2,2.0,East Oakl Hills,1123,,1986,398,432,391,Sold,,,http://www.redfin.com/CA/Oakland/570-Canyon-Oaks-Dr-94605/unit-G/home/12116944,EBRD/CCAR/Bay East,40771386,N,Y,37.772348,-122.147093
PAST SALE,March-28-2017,Townhouse,121 Thousand Oaks St,Oakland,CA,94605,730000,3,2.5,Sequoyah Heights,1757,3572,1977,386,415,406,Sold,,,http://www.redfin.com/CA/Oakland/121-Thousand-Oaks-St-94605/home/1821330,EBRD/CCAR/Bay East,40770337,N,Y,37.764923,-122.126954
PAST SALE,March-31-2017,Single Family Residential,84 SIENA Dr,Oakland,CA,94605,880000,4,4.0,Sequoyah,2012,10666,2008,383,437,200,Sold,,,http://www.redfin.com/CA/Oakland/84-Siena-Dr-94605/home/12316160,EBRD/CCAR/Bay East,40770355,N,Y,37.7707845,-122.151836
PAST SALE,February-20-2018,Single Family Residential,9600 Golf Links,Oakland,CA,94605,720000,2,1.0,Oak Knoll,1365,5664,1938,57,527,,Sold,,,http://www.redfin.com/CA/Oakland/9600-Golf-Links-Rd-94605/home/1937096,EBRD/CCAR/Bay East,40808482,N,Y,37.754725,-122.1522297
PAST SALE,May-15-2017,Condo/Co-op,645 Canyon Oaks Dr Unit G,Oakland,CA,94605,468000,2,2.0,Oakland,1123,,1986,338,417,391,Sold,,,http://www.redfin.com/CA/Oakland/645-Canyon-Oaks-Dr-94605/unit-G/home/12116881,EBRD/CCAR/Bay East,40765875,N,Y,37.774481,-122.145973
PAST SALE,August-14-2017,Condo/Co-op,550 Canyon Oaks Dr Unit A,Oakland,CA,94605,475000,2,2.0,Shadow Woods,1123,,1986,247,423,391,Sold,,,http://www.redfin.com/CA/Oakland/550-Canyon-Oaks-Dr-94605/unit-A/home/12116914,EBRD/CCAR/Bay East,40791049,N,Y,37.772348,-122.147093
PAST SALE,September-12-2017,Condo/Co-op,630 Canyon Oaks Dr Unit H,OAKLAND,CA,94605,480000,2,2.0,OAKLAND,1123,52637,1986,218,427,390,Sold,,,http://www.redfin.com/CA/Oakland/630-Canyon-Oaks-Dr-94605/unit-H/home/12118504,MLSListings,ML81650609,N,Y,37.773264,-122.146087
PAST SALE,September-19-2017,Condo/Co-op,480 Canyon Oaks Dr Unit G,Oakland,CA,94605,502000,2,2.0,Shadow Woods,1123,,1986,211,447,391,Sold,,,http://www.redfin.com/CA/Oakland/480-Canyon-Oaks-Dr-94605/unit-G/home/12116743,EBRD/CCAR/Bay East,40792287,N,Y,37.771451,-122.148443
PAST SALE,September-20-2017,Townhouse,97 Thousand Oaks,Oakland,CA,94605,710000,3,2.5,Sequoyah Heights,1636,2777,1977,210,434,406,Sold,,,http://www.redfin.com/CA/Oakland/97-Thousand-Oaks-St-94605/home/1668191,EBRD/CCAR/Bay East,40793406,N,Y,37.7654435,-122.1274374
PAST SALE,,Townhouse,57 Ironwood,Oakland,CA,94605,650000,3,2.0,,1636,2656,1977,,397,,,,,http://www.redfin.com/CA/Oakland/57-Ironwood-94605/home/1671545,,,N,Y,37.7647464,-122.128422
PAST SALE,January-3-2018,Condo/Co-op,520 Canyon Oaks Dr Unit H,Oakland,CA,94605,400000,1,1.0,East Oakl Hills,815,815,1986,105,491,344,Sold,,,http://www.redfin.com/CA/Oakland/520-Canyon-Oaks-Dr-94605/unit-H/home/12116931,EBRD/CCAR/Bay East,40803158,N,Y,37.772348,-122.147093
PAST SALE,April-25-2017,Townhouse,6496 Bayview Dr,Oakland,CA,94605,830000,4,3.0,Oakland,2444,2606,2014,358,340,269,Sold,,,http://www.redfin.com/CA/Oakland/6496-Bayview-Dr-94605/home/22647630,EBRD/CCAR/Bay East,40774491,N,Y,37.779229,-122.1620319
PAST SALE,April-6-2017,Single Family Residential,9470 Mountain Blvd,Oakland,CA,94605,759000,5,4.0,Oak Knoll Area,3015,4762,1997,377,252,,Sold,,,http://www.redfin.com/CA/Oakland/9470-Mountain-Blvd-94605/home/1224394,EBRD/CCAR/Bay East,40772101,N,Y,37.7580779,-122.1472174
PAST SALE,December-15-2017,Single Family Residential,3306 Partridge Ave,Oakland,CA,94605,670000,3,1.0,Eastmont Hills,1236,4720,1939,124,542,,Sold,,,http://www.redfin.com/CA/Oakland/3306-Partridge-Ave-94605/home/1041477,EBRD/CCAR/Bay East,40803334,N,Y,37.7657335,-122.1603022
PAST SALE,December-22-2017,Single Family Residential,7949 Crest Ave,Oakland,CA,94605,699000,4,2.5,King Estates,2234,4500,1962,117,313,,Sold,,,http://www.redfin.com/CA/Oakland/7949-Crest-Ave-94605/home/1445802,EBRD/CCAR/Bay East,40803999,N,Y,37.7678501,-122.1596591
PAST SALE,February-24-2016,Single Family Residential,6640 Brann St,Oakland,CA,94605,305000,2,1.0,Mills,,1875,1922,784,,,Sold,,,http://www.redfin.com/CA/Oakland/6640-Brann-St-94605/home/944584,EBRD/CCAR/Bay East,40727484,N,Y,37.7711696,-122.1806582
PAST SALE,August-13-2015,Single Family Residential,2438 68TH Ave,Oakland,CA,94605,282000,2,1.0,Oakland,1178,3200,1925,979,239,,Sold,,,http://www.redfin.com/CA/Oakland/2438-68th-Ave-94605/home/1363250,EBRD/CCAR/Bay East,40702526,N,Y,37.7650898,-122.1853142
PAST SALE,July-27-2017,Single Family Residential,6681 Brann St,Oakland,CA,94605,490000,2,1.0,Havenscourt,986,2850,1924,265,497,,Sold,,,http://www.redfin.com/CA/Oakland/6681-Brann-St-94605/home/1776013,EBRD/CCAR/Bay East,40788440,N,Y,37.770694,-122.1797713
PAST SALE,August-12-2016,Single Family Residential,8314 ASTER Ave,Oakland,CA,94605,720000,3,3.0,King Estates,1606,5390,1940,614,448,,Sold,,,http://www.redfin.com/CA/Oakland/8314-Aster-Ave-94605/home/1524992,EBRD/CCAR/Bay East,40749451,N,Y,37.7643806,-122.1602135
PAST SALE,,Single Family Residential,9450 Mountain Blvd,Oakland,CA,94605,1030000,6,4.0,,3750,32249,1997,,275,,,,,http://www.redfin.com/CA/Oakland/9450-Mountain-Blvd-94605/home/1655223,,,N,Y,37.7583526,-122.147173
PAST SALE,,Single Family Residential,3340 82nd Ave,Oakland,CA,94605,215000,3,1.0,,1256,5100,1940,,171,,,,,http://www.redfin.com/CA/Oakland/3340-82nd-Ave-94605/home/1307755,,,N,Y,37.7652743,-122.1592377
PAST SALE,September-13-2017,Multi-Family (2-4 Unit),7701 Ney,Oakland,CA,94560-5,590500,9,4.0,Oakland,3109,8282,1945,217,190,,Sold,,,http://www.redfin.com/CA/Oakland/7701-Ney-Ave-94605/home/1667522,EBRD/CCAR/Bay East,40791253,N,Y,37.7676713,-122.1680858
PAST SALE,January-30-2018,Single Family Residential,7005 Macarthur Blvd,Oakland,CA,94605,360000,2,1.0,Eastmont Mall,746,2838,1923,78,483,,Sold,,,http://www.redfin.com/CA/Oakland/7005-MacArthur-Blvd-94605/home/1914136,EBRD/CCAR/Bay East,40802992,N,Y,37.7700777,-122.1744498
PAST SALE,June-27-2017,Single Family Residential,8410 Aster Ave,Oakland,CA,94605,765000,2,2.0,Eastmont Hills,1834,10246,1957,295,417,,Sold,,,http://www.redfin.com/CA/Oakland/8410-Aster-Ave-94605/home/1533209,EBRD/CCAR/Bay East,40781112,N,Y,37.7641419,-122.1592821
PAST SALE,,Single Family Residential,13763 Campus Dr,Oakland,CA,94605,1700000,3,3.0,,3241,59400,1988,,525,,,,,http://www.redfin.com/CA/Oakland/13763-Campus-Dr-94605/home/1743236,,,N,Y,37.7762605,-122.1526733
PAST SALE,,Single Family Residential,8033 Ney Ave,Oakland,CA,94605,580000,5,4.0,,3547,9750,1921,,164,,,,,http://www.redfin.com/CA/Oakland/8033-Ney-Ave-94605/home/1981537,,,N,Y,37.7640984,-122.164693
PAST SALE,July-13-2017,Single Family Residential,7957 Ney Ave,OAKLAND,CA,94605,570000,4,3.0,OAKLAND,2300,4500,1920,279,248,,Sold,,,http://www.redfin.com/CA/Oakland/7957-Ney-Ave-94605/home/1992914,MLSListings,ML81654101,N,Y,37.7649331,-122.1651365
PAST SALE,September-15-2016,Single Family Residential,350 ELYSIAN FIELDS Dr,Oakland,CA,94605,865000,3,2.0,Sequoyah Hghlds,2210,12369,1964,580,391,,Sold,,,http://www.redfin.com/CA/Oakland/350-Elysian-Fields-Dr-94605/home/1946605,EBRD/CCAR/Bay East,40750074,N,Y,37.7604029,-122.1289625
PAST SALE,December-18-2017,Single Family Residential,8824 Thermal St,Oakland,CA,94605,742000,3,2.0,Toler Heights,1579,7000,1952,121,470,,Sold,,,http://www.redfin.com/CA/Oakland/8824-Thermal-St-94605/home/584876,EBRD/CCAR/Bay East,40803258,N,Y,37.7570873,-122.160524
PAST SALE,March-23-2018,Single Family Residential,4056 Burckhalter Ave,Oakland,CA,94605,630000,2,1.0,Upper Millsmont,,6048,1963,26,,,Sold,,,http://www.redfin.com/CA/Oakland/4056-Burckhalter-Ave-94605/home/2000591,EBRD/CCAR/Bay East,40810732,N,Y,37.7760502,-122.1654913
PAST SALE,April-12-2018,Single Family Residential,13555 Skyline Blvd,Oakland,CA,94619,865000,3,3.0,Hillcrest Estate,2112,49425,1959,6,410,4,Sold,,,http://www.redfin.com/CA/Oakland/13555-Skyline-Blvd-94619/home/579405,EBRD/CCAR/Bay East,40814394,N,Y,37.784887,-122.143181
PAST SALE,March-30-2018,Single Family Residential,8366 Iris St,Oakland,CA,94605,331000,3,1.5,Eastmont,1305,4235,1926,19,254,,Sold,,,http://www.redfin.com/CA/Oakland/8366-Iris-St-94605/home/1881115,EBRD/CCAR/Bay East,40808846,N,Y,37.760787,-122.164505
PAST SALE,March-31-2017,Vacant Land,,Oakland,CA,94603,195000,,,Oakland,,32212,,383,,,Sold,,,http://www.redfin.com/CA/Oakland/Undisclosed-address-94605/home/22672923,EBRD/CCAR/Bay East,40767689,N,Y,37.749698,-122.131926
PAST SALE,July-21-2017,Single Family Residential,2763 106Th Ave,Oakland,CA,94605,420000,2,1.0,Knowland Park,805,3920,1943,271,522,,Sold,,,http://www.redfin.com/CA/Oakland/2763-106th-Ave-94605/home/1399180,EBRD/CCAR/Bay East,40784216,N,Y,37.7445499,-122.150185
PAST SALE,January-19-2018,Single Family Residential,10990 Elvessa St,Oakland,CA,94605,970000,4,2.0,Chabot Park,2114,24285,1951,89,459,,Sold,,,http://www.redfin.com/CA/Oakland/10990-Elvessa-St-94605/home/1801315,EBRD/CCAR/Bay East,40804217,N,Y,37.7509611,-122.128541
PAST SALE,June-13-2017,Single Family Residential,11405 Sun Valley Dr,Oakland,CA,94605,1510000,4,3.0,Chabot Estates,2791,22910,1989,309,541,54,Sold,,,http://www.redfin.com/CA/Oakland/11405-Sun-Valley-Dr-94605/home/601427,EBRD/CCAR/Bay East,40781252,N,Y,37.7486147,-122.1183364
PAST SALE,March-30-2017,Single Family Residential,4686 COMMONWEALTH Dr,Oakland,CA,94605,1250000,4,3.5,Chabot Park,2983,29526,1952,384,419,55,Sold,,,http://www.redfin.com/CA/Oakland/4686-Commonwealth-Dr-94605/home/1363557,EBRD/CCAR/Bay East,40771086,N,Y,37.7500845,-122.1214201
PAST SALE,October-12-2017,Single Family Residential,3337 64Th Avenue Pl,Oakland,CA,94605,575000,3,2.0,Millsmont Area,1410,5500,1910,188,408,,Sold,,,http://www.redfin.com/CA/Oakland/3337-64th-Avenue-Pl-94605/home/564694,EBRD/CCAR/Bay East,40796151,N,Y,37.7742726,-122.1787957
PAST SALE,May-9-2017,Single Family Residential,9520 Burr St,Oakland,CA,94605,595888,4,2.0,Oakland,1680,3330,1920,344,355,,Sold,,,http://www.redfin.com/CA/Oakland/9520-Burr-St-94605/home/2000692,EBRD/CCAR/Bay East,40768231,N,Y,37.7528871,-122.1567983
PAST SALE,December-19-2017,Single Family Residential,10528 Stella St,Oakland,CA,94605,998000,5,4.0,Oakland Hills,3055,4821,2006,120,327,,Sold,,,http://www.redfin.com/CA/Oakland/10528-Stella-St-94605/home/11910555,EBRD/CCAR/Bay East,40786536,N,Y,37.748548,-122.1432251
PAST SALE,,Single Family Residential,10520 Stella St,Oakland,CA,94605,998000,4,4.0,,3055,4821,2007,,327,,,,,http://www.redfin.com/CA/Oakland/10520-Stella-St-94605/home/17188122,,,N,Y,37.7486703,-122.1433138
PAST SALE,December-15-2017,Single Family Residential,2721 106Th Ave,Oakland,CA,94605,425000,2,1.0,Oakland,805,6400,1943,124,528,,Sold,,,http://www.redfin.com/CA/Oakland/2721-106th-Ave-94605/home/1078485,EBRD/CCAR/Bay East,40803920,N,Y,37.7441108,-122.1509434
PAST SALE,October-5-2017,Single Family Residential,4835 Dunkirk Ave,Oakland,CA,94605,883000,4,2.5,Grass Valley,2000,6000,1956,195,442,,Sold,,,http://www.redfin.com/CA/Oakland/4835-Dunkirk-Ave-94605/home/1357274,EBRD/CCAR/Bay East,40794876,N,Y,37.7538926,-122.1234394
PAST SALE,,Single Family Residential,9408 Lawlor St,Oakland,CA,94605,455000,2,1.0,,1190,6250,1950,,382,,,,,http://www.redfin.com/CA/Oakland/9408-Lawlor-St-94605/home/1277869,,,N,Y,37.7534044,-122.1580402
PAST SALE,November-9-2017,Single Family Residential,,Oakland,CA,94605,760000,3,2.0,Grass Valley,1771,7004,1958,160,429,,Sold,,,http://www.redfin.com/CA/Oakland/Undisclosed-address-94605/home/1330612,EBRD/CCAR/Bay East,40798175,N,Y,37.7543204,-122.1200672
PAST SALE,,Single Family Residential,9817 Stearns Ave,Oakland,CA,94605,468500,2,1.0,,2603,10087,1921,,180,,,,,http://www.redfin.com/CA/Oakland/9817-Stearns-Ave-94605/home/1477805,,,N,Y,37.7511221,-122.1536491
PAST SALE,,Single Family Residential,3007 Roxbury Ave,Oakland,CA,94605,810000,4,2.0,,1965,5701,1939,,412,,,,,http://www.redfin.com/CA/Oakland/3007-Roxbury-Ave-94605/home/1619255,,,N,Y,37.7357074,-122.1382123
PAST SALE,,Single Family Residential,6167 Monadnock Way,Oakland,CA,94605,257000,3,1.0,,1058,3500,1925,,243,,,,,http://www.redfin.com/CA/Oakland/6167-Monadnock-Way-94605/home/2025774,,,N,Y,37.7752577,-122.1807025
PAST SALE,February-6-2018,Single Family Residential,2729 Talbot Ave,Oakland,CA,94605,470000,2,1.0,East Oakland,1018,4830,1947,71,462,,Sold,,,http://www.redfin.com/CA/Oakland/2729-Talbot-Ave-94605/home/1761714,EBRD/CCAR/Bay East,40806639,N,Y,37.7446267,-122.1512095
PAST SALE,February-6-2018,Single Family Residential,2473 99Th Ave,Oakland,CA,94605,495000,3,1.0,Toler Heights,1174,3939,1924,71,422,,Sold,,,http://www.redfin.com/CA/Oakland/2473-99th-Ave-94605/home/1655355,EBRD/CCAR/Bay East,40806395,N,Y,37.7476675,-122.1566652
PAST SALE,January-12-2018,Single Family Residential,136 Maggiora Dr,Oakland,CA,94605,690000,3,1.5,Oakland,2141,6695,1960,96,322,,Sold,,,http://www.redfin.com/CA/Oakland/136-Maggiora-Dr-94605/home/692003,San Francisco MLS,464899,N,Y,37.7484343,-122.1401642
PAST SALE,January-12-2018,Single Family Residential,10182 Foothill Blvd,Oakland,CA,94605,500000,3,2.0,Oakland,1515,4180,1954,96,330,,Sold,,,http://www.redfin.com/CA/Oakland/10182-Foothill-Blvd-94605/home/1727833,EBRD/CCAR/Bay East,40798449,N,Y,37.7453872,-122.1537377
PAST SALE,December-1-2017,Single Family Residential,9880 Burr St,Oakland,CA,94605-4802,600000,2,1.0,Toler Heights,1202,13181,1941,138,499,,Sold,,,http://www.redfin.com/CA/Oakland/9880-Burr-St-94605/home/1564309,EBRD/CCAR/Bay East,40799065,N,Y,37.7489052,-122.1543144
PAST SALE,January-16-2018,Single Family Residential,4601 Scotia Ave,Oakland,CA,94605,810000,4,2.5,Grass Valley,1996,8240,1955,92,406,,Sold,,,http://www.redfin.com/CA/Oakland/4601-Scotia-Ave-94605/home/599237,EBRD/CCAR/Bay East,40804299,N,Y,37.754588,-122.1271657
PAST SALE,January-18-2018,Single Family Residential,2509 Taylor Ave,Oakland,CA,94605,515000,2,2.0,Toler Heights,1758,5100,1947,90,293,,Sold,,,http://www.redfin.com/CA/Oakland/2509-Taylor-Ave-94605/home/1993102,EBRD/CCAR/Bay East,40805759,N,Y,37.749428,-122.156887
PAST SALE,April-17-2016,Single Family Residential,2514 74TH Ave,Oakland,CA,94605,330000,3,1.0,Havenscourt,914,3800,1940,731,361,,Sold,,,http://www.redfin.com/CA/Oakland/2514-74th-Ave-94605/home/576862,EBRD/CCAR/Bay East,40731537,N,Y,37.7657201,-122.175503
PAST SALE,,Single Family Residential,2511 Truman Ave,Oakland,CA,94605,510000,3,1.0,,1200,7680,1940,,425,,,,,http://www.redfin.com/CA/Oakland/2511-Truman-Ave-94605/home/598166,,,N,Y,37.7465928,-122.1553235
PAST SALE,July-26-2017,Single Family Residential,10718 Fallbrook Way,Oakland,CA,94605,770000,3,2.0,Alameda County,1379,26001,,266,558,,Sold,,,http://www.redfin.com/CA/Oakland/10718-Fallbrook-Way-94605/home/598186,BAREIS,21712101,N,Y,37.7533229,-122.1291178
PAST SALE,September-15-2017,Single Family Residential,2966 106Th Ave,Oakland,CA,94605,480000,3,1.5,Oakland Zoo,1337,5400,1925,215,359,,Sold,,,http://www.redfin.com/CA/Oakland/2966-106th-Ave-94605/home/598460,EBRD/CCAR/Bay East,40791606,N,Y,37.7453777,-122.1478827
PAST SALE,August-25-2017,Single Family Residential,380 Elysian Fields Dr,Oakland,CA,94605,1100000,4,3.0,Sequoyah Heights,3779,11856,1963,236,291,,Sold,,,http://www.redfin.com/CA/Oakland/380-Elysian-Fields-Dr-94605/home/1330645,EBRD/CCAR/Bay East,40785487,N,Y,37.7610482,-122.1284966
PAST SALE,April-20-2017,Single Family Residential,10551 Stella St,Oakland,CA,94605,655000,2,3.0,Broadmoor Terr,951,4400,1949,363,689,,Sold,,,http://www.redfin.com/CA/Oakland/10551-Stella-St-94605/home/1363539,EBRD/CCAR/Bay East,40773793,N,Y,37.7480059,-122.1435356
PAST SALE,July-27-2017,Single Family Residential,9150 Crest Ave,Oakland,CA,94605,740000,3,2.0,Oak Knoll Area,1506,7500,1941,265,491,,Sold,,,http://www.redfin.com/CA/Oakland/9150-Crest-Ave-94605/home/1776276,EBRD/CCAR/Bay East,40785507,N,Y,37.7602706,-122.1506772
PAST SALE,December-15-2017,Single Family Residential,2738 106th Ave,Oakland,CA,94605,515000,2,1.0,Durant,1007,4940,1938,124,511,,Sold,,,http://www.redfin.com/CA/Oakland/2738-106th-Ave-94605/home/2005707,EBRD/CCAR/Bay East,40802508,N,Y,37.7439401,-122.150278
PAST SALE,May-26-2017,Single Family Residential,9309 Burr St,Oakland,CA,94605,565000,2,1.0,Toler Heights,1710,6250,1946,327,330,,Sold,,,http://www.redfin.com/CA/Oakland/9309-Burr-St-94605/home/2005724,EBRD/CCAR/Bay East,40775208,N,Y,37.7547132,-122.1579071
PAST SALE,July-7-2017,Single Family Residential,3161 Middleton St,Oakland,CA,94605,760000,3,1.0,Oakland,1407,5394,1947,285,540,8,Sold,,,http://www.redfin.com/CA/Oakland/3161-Middleton-St-94605/home/2013892,EBRD/CCAR/Bay East,40785073,N,Y,37.7323687,-122.1383897
PAST SALE,May-24-2017,Single Family Residential,2719 Talbot Ave,OAKLAND,CA,94605,525000,2,1.0,OAKLAND,1321,7250,1900,329,397,,Sold,,,http://www.redfin.com/CA/Oakland/2719-Talbot-Ave-94605/home/2036783,MLSListings,ML81642887,N,Y,37.7444711,-122.1514757
PAST SALE,July-19-2017,Single Family Residential,4732 Stacy St,Oakland,CA,94605,925000,4,3.0,Grass Valley,2256,8432,1956,273,410,,Sold,,,http://www.redfin.com/CA/Oakland/4732-Stacy-St-94605/home/2045076,EBRD/CCAR/Bay East,40784789,N,Y,37.7536406,-122.1256794
PAST SALE,March-3-2018,Single Family Residential,2623 106Th Ave,Oakland,CA,94605,346000,2,1.0,Ivy Wood Ext.,997,5200,1942,46,347,,Sold,,,http://www.redfin.com/CA/Oakland/2623-106th-Ave-94605/home/2000682,EBRD/CCAR/Bay East,40799602,N,Y,37.7434241,-122.1520966
PAST SALE,,Single Family Residential,4560 Sequoyah Rd,Oakland,CA,94605,1020000,4,3.0,,2178,9521,2002,,468,,,,,http://www.redfin.com/CA/Oakland/4560-Sequoyah-Rd-94605/home/1703282,,,N,Y,37.7663516,-122.1360829
PAST SALE,July-21-2017,Single Family Residential,179 COVINGTON St,Oakland,CA,94605,725000,3,1.0,Oakland,1370,5487,1940,271,529,8,Sold,,,http://www.redfin.com/CA/Oakland/179-Covington-St-94605/home/1904898,EBRD/CCAR/Bay East,40784223,N,Y,37.736775,-122.1361716
PAST SALE,April-3-2018,Single Family Residential,2960 106TH Ave,Oakland,CA,94605,515000,3,1.5,East Oakland,1257,5400,1925,15,410,,Sold,,,http://www.redfin.com/CA/Oakland/2960-106th-Ave-94605/home/1903101,EBRD/CCAR/Bay East,40807866,N,Y,37.7452626,-122.1480158
PAST SALE,April-4-2018,Single Family Residential,9039 Thermal St,Oakland,CA,94605,650000,3,2.0,Oakland,1732,6250,1941,14,375,,Sold,,,http://www.redfin.com/CA/Oakland/9039-Thermal-St-94605/home/1930754,EBRD/CCAR/Bay East,40812119,N,Y,37.7549811,-122.1602135
PAST SALE,March-16-2018,Single Family Residential,8453 Golf Links Rd,Oakland,CA,94605,370000,2,1.0,Golf Links,1082,5760,1946,33,342,,Sold,,,http://www.redfin.com/CA/Oakland/8453-Golf-Links-Rd-94605/home/1964861,EBRD/CCAR/Bay East,40811691,N,Y,37.7614429,-122.1593264
PAST SALE,April-11-2018,Single Family Residential,11195 Sun Valley Dr,Oakland,CA,94605,1250000,3,2.0,Chabot Park Est,2433,22528,1955,7,514,64,Sold,,,http://www.redfin.com/CA/Oakland/11195-Sun-Valley-Dr-94605/home/1716941,EBRD/CCAR/Bay East,40812342,N,Y,37.7515843,-122.1190018
PAST SALE,March-29-2018,Single Family Residential,3637 Shone Ave,Oakland,CA,94605,700000,3,2.0,Eastmont Hills,2133,6210,1946,20,328,,Sold,,,http://www.redfin.com/CA/Oakland/3637-Shone-Ave-94605/home/578880,EBRD/CCAR/Bay East,40809080,N,Y,37.7687377,-122.1579071
PAST SALE,July-22-2016,Vacant Land,Revere Ave,Oakland,CA,94603,16668,,,Oakland,,12274,,635,,,Sold,,,http://www.redfin.com/CA/Oakland/Revere-Ave-94605/home/22690150,EBRD/CCAR/Bay East,40719778,N,Y,37.734361,-122.133113
PAST SALE,October-15-2015,Single Family Residential,135 MARLOW Dr,Oakland,CA,94605,700000,4,2.0,Oakland,1937,6122,1941,916,361,7,Sold,,,http://www.redfin.com/CA/Oakland/135-Marlow-Dr-94605/home/1689555,EBRD/CCAR/Bay East,40714790,N,Y,37.7379568,-122.1377465
PAST SALE,June-5-2015,Condo/Co-op,6067 OLD QUARRY Loop,Oakland,CA,94605,490000,3,3.0,Oakland,1753,,2006,1048,280,339,Sold,,,http://www.redfin.com/CA/Oakland/6067-Old-Quarry-Loop-94605/home/12115935,EBRD/CCAR/Bay East,40687450,N,Y,37.77884,-122.165742
PAST SALE,May-27-2015,Townhouse,6490 BAYVIEW Dr,Oakland,CA,94605,699000,4,3.0,Oakland,2438,3325,2014,1057,287,208,Sold,,,http://www.redfin.com/CA/Oakland/6490-Bayview-Dr-94605/home/22647629,EBRD/CCAR/Bay East,40675814,N,Y,37.7793614,-122.1622093
PAST SALE,July-28-2017,Single Family Residential,7960 Surrey Ln,Oakland,CA,94605,950000,4,2.5,Oakland,,15682,1969,264,,6,Sold,,,http://www.redfin.com/CA/Oakland/7960-Surrey-Ln-94605/home/585134,San Francisco MLS,459967,N,Y,37.7751956,-122.1364378
PAST SALE,,Single Family Residential,3051 El Monte Ave,Oakland,CA,94605,91000,2,1.0,,1070,5203,1949,,85,,,,,http://www.redfin.com/CA/Oakland/3051-El-Monte-Ave-94605/home/585086,,,N,Y,37.7649316,-122.159016
PAST SALE,September-1-2017,Townhouse,6492 Bayview Dr,Oakland,CA,94605,825000,4,3.0,Leona Heights,2349,2007,2015,229,351,265,Sold,,,http://www.redfin.com/CA/Oakland/6492-Bayview-Dr-94605/home/22647632,EBRD/CCAR/Bay East,40789201,N,Y,37.7793512,-122.1621206
PAST SALE,July-1-2016,Townhouse,6283 Rocky Point Ct,Oakland,CA,94605,746000,4,3.5,Oakland,2513,,2010,656,297,273,Sold,,,http://www.redfin.com/CA/Oakland/6283-Rocky-Point-Ct-94605/home/22677418,San Francisco MLS,446402,N,Y,37.778689,-122.162997
PAST SALE,August-17-2017,Single Family Residential,4028 Fairway Ave,Oakland,CA,94605,820000,3,2.0,Sequoyah Heights,,7560,1953,244,,,Sold,,,http://www.redfin.com/CA/Oakland/4028-Fairway-Ave-94605/home/1775636,EBRD/CCAR/Bay East,40788367,N,Y,37.7597829,-122.1445558
PAST SALE,,Single Family Residential,3019 El Monte Ave,Oakland,CA,94605,415000,3,1.0,,1710,5000,1952,,243,,,,,http://www.redfin.com/CA/Oakland/3019-El-Monte-Ave-94605/home/585080,,,N,Y,37.7646513,-122.1598143
PAST SALE,July-13-2017,Single Family Residential,5801 Morse Dr,Oakland,CA,94605,650000,3,1.0,Maxwell  Park,1217,3600,1924,279,534,,Sold,,,http://www.redfin.com/CA/Oakland/5801-Morse-Dr-94605/home/1433053,EBRD/CCAR/Bay East,40782781,N,Y,37.7733587,-122.1897483
PAST SALE,May-1-2015,Condo/Co-op,6206 BOULDER Ln,Oakland,CA,94605,400000,2,2.0,Leona Heights,1079,1079,2009,1083,371,275,Sold,,,http://www.redfin.com/CA/Oakland/6206-Boulder-Ln-94605/unit-5007/home/17184155,EBRD/CCAR/Bay East,40688617,N,Y,37.779488,-122.165402
PAST SALE,February-22-2016,Condo/Co-op,570 CANYON OAKS Dr Unit A,Oakland,CA,94605,420000,2,2.0,Shadow Woods,1123,,1986,786,374,390,Sold,,,http://www.redfin.com/CA/Oakland/570-Canyon-Oaks-Dr-94605/unit-A/home/12116919,EBRD/CCAR/Bay East,40725165,N,Y,37.772348,-122.147093
PAST SALE,,Multi-Family (2-4 Unit),3421 68th Ave,Oakland,CA,94605,1800000,19,8.0,,6577,12812,1986,,274,,,,,http://www.redfin.com/CA/Oakland/3421-68th-Ave-94605/home/1250505,,,N,Y,37.7725025,-122.1755748
PAST SALE,September-15-2015,Condo/Co-op,455 Canyon Oaks Dr Unit E,Oakland,CA,94605,430000,2,2.0,Shadow Woods,1123,1123,1986,946,383,351,Sold,,,http://www.redfin.com/CA/Oakland/455-Canyon-Oaks-Dr-94605/unit-E/home/88634573,EBRD/CCAR/Bay East,40707706,N,Y,37.772343,-122.14958
PAST SALE,May-7-2015,Single Family Residential,14121 SKYLINE Blvd,Oakland,CA,94619,2300000,4,4.0,Hillcrest Estate,3268,67518,1957,1077,704,,Sold,,,http://www.redfin.com/CA/Oakland/14121-Skyline-Blvd-94619/home/1142036,EBRD/CCAR/Bay East,40693108,N,Y,37.777659,-122.137494
PAST SALE,August-10-2015,Townhouse,6019 OLD QUARRY Loop,Oakland,CA,94605,468564,2,3.0,East Oakl Hills,1472,1157,2006,982,318,284,Sold,,,http://www.redfin.com/CA/Oakland/6019-Old-Quarry-Loop-94605/home/12114834,EBRD/CCAR/Bay East,40697519,N,Y,37.777927,-122.164439
PAST SALE,October-19-2016,Condo/Co-op,7400 Mountain Blvd Unit 1A,Oakland,CA,94605,350000,2,1.5,East Oakland,878,,1980,546,399,300,Sold,,,http://www.redfin.com/CA/Oakland/7400-Mountain-Blvd-94605/unit-1A/home/103458136,EBRD/CCAR/Bay East,40750818,N,Y,37.775587,-122.161133
PAST SALE,October-14-2016,Townhouse,6467 Bayview Dr,Oakland,CA,94605-3134,699000,4,2.5,Oakland,2415,3325,2013,551,289,268,Sold,,,http://www.redfin.com/CA/Oakland/6467-Bayview-Dr-94605/home/22656388,EBRD/CCAR/Bay East,40748684,N,Y,37.77968,-122.163414
PAST SALE,March-16-2016,Condo/Co-op,645 Canyon Oaks Dr Unit D,Oakland,CA,94605,415000,2,2.0,Oakland,1123,,1986,763,370,390,Sold,,,http://www.redfin.com/CA/Oakland/645-Canyon-Oaks-Dr-94605/unit-D/home/12118483,EBRD/CCAR/Bay East,40727628,N,Y,37.774481,-122.145973
PAST SALE,September-14-2016,Townhouse,6480 BAYVIEW Dr,Oakland,CA,94605,765000,4,3.0,Oakland,2349,2349,2014,581,326,265,Sold,,,http://www.redfin.com/CA/Oakland/6480-Bayview-Dr-94605/home/22671041,EBRD/CCAR/Bay East,40754916,N,Y,37.7796501,-122.1626085
PAST SALE,April-22-2016,Single Family Residential,7919 Phaeton Dr,Oakland,CA,94605,920000,3,2.5,Sequoyah Hills,2232,8750,1971,726,412,6,Sold,,,http://www.redfin.com/CA/Oakland/7919-Phaeton-Dr-94605/home/528789,EBRD/CCAR/Bay East,40728446,N,Y,37.7749876,-122.1388999
PAST SALE,July-13-2015,Single Family Residential,8260 Skyline Cir,Oakland,CA,94605-4230,1207000,3,2.5,Oakland Hills,2350,7081,1998,1010,514,140,Sold,,,http://www.redfin.com/CA/Oakland/8260-Skyline-Cir-94605/home/586438,EBRD/CCAR/Bay East,40700701,N,Y,37.7727761,-122.1331106
PAST SALE,June-24-2016,Single Family Residential,7521 Greenly Dr,Oakland,CA,94605,520000,2,1.0,Mills,1007,5676,1940,663,516,,Sold,,,http://www.redfin.com/CA/Oakland/7521-Greenly-Dr-94605/home/1341886,EBRD/CCAR/Bay East,40739261,N,Y,37.7726381,-122.1642052
PAST SALE,February-21-2017,Single Family Residential,2629 TH Ave,Oakland,CA,94605,295000,3,2.0,Oakland,910,2483,1941,421,324,,Sold,,,http://www.redfin.com/CA/Oakland/2629-TH-Ave-94605/home/108466934,EBRD/CCAR/Bay East,40677902,N,Y,37.7554905,-122.1462193
PAST SALE,October-17-2016,Townhouse,69 Mountain Vly,Oakland,CA,94605,630000,3,2.5,Sequoyah Heights,1636,,1977,548,385,394,Sold,,,http://www.redfin.com/CA/Oakland/69-Mountain-Vly-94605/home/1889138,EBRD/CCAR/Bay East,40761121,N,Y,37.768126,-122.130113
PAST SALE,September-30-2016,Single Family Residential,14133 SKYLINE Blvd,Oakland,CA,94619,935000,3,2.5,Skyline,1693,71438,1957,565,552,4,Sold,,,http://www.redfin.com/CA/Oakland/14133-Skyline-Blvd-94619/home/1323611,EBRD/CCAR/Bay East,40752714,N,Y,37.777415,-122.137192
PAST SALE,November-25-2015,Townhouse,83 Shadow Mtn,Oakland,CA,94605,600000,3,2.5,Sequoyah Heights,1636,,1977,875,367,394,Sold,,,http://www.redfin.com/CA/Oakland/83-Shadow-Mtn-94605/home/1889146,EBRD/CCAR/Bay East,40718390,N,Y,37.764694,-122.127486
PAST SALE,August-5-2016,Single Family Residential,8214 OUTLOOK Ave,Oakland,CA,94605,510000,2,1.0,Oak Knoll,1046,3535,1946,621,488,,Sold,,,http://www.redfin.com/CA/Oakland/8214-Outlook-Ave-94605/home/1243805,EBRD/CCAR/Bay East,40746498,N,Y,37.7638032,-122.1619876
PAST SALE,July-30-2016,Single Family Residential,,Oakland,CA,94605,335000,2,1.0,Eastmont Area,1008,4240,1941,627,332,,Sold,,,http://www.redfin.com/CA/Oakland/Undisclosed-address-94605/home/886228,EBRD/CCAR/Bay East,40746238,N,Y,37.7643799,-122.1782192
PAST SALE,April-7-2017,Condo/Co-op,6092 Old Quarry Loop #5205,Oakland,CA,94605,625000,2,2.5,Oakland Hills,1802,,2009,376,347,345,Sold,,,http://www.redfin.com/CA/Oakland/6092-Old-Quarry-Loop-94605/unit-5205/home/17184814,EBRD/CCAR/Bay East,40771825,N,Y,37.7791,-122.166243
PAST SALE,April-20-2017,Single Family Residential,5916 Hayes St,Oakland,CA,94621,370000,2,2.0,Seminary,1100,3750,1908,363,336,,Sold,,,http://www.redfin.com/CA/Oakland/5916-Hayes-St-94621/home/1366001,EBRD/CCAR/Bay East,40774883,N,Y,37.768616,-122.193666
PAST SALE,August-4-2017,Townhouse,6065 Old Quarry Loop,Oakland,CA,94605,700000,3,2.5,Oakland,1969,2461,2006,257,356,300,Sold,,,http://www.redfin.com/CA/Oakland/6065-Old-Quarry-Loop-94605/home/17186649,EBRD/CCAR/Bay East,40788265,N,Y,37.7786959,-122.166126
PAST SALE,July-28-2017,Multi-Family (2-4 Unit),2510 73rd Ave,Oakland,CA,94605-2842,427500,4,2.0,Oakland,1528,6500,1944,264,280,,Sold,,,http://www.redfin.com/CA/Oakland/2510-73rd-Ave-94605/home/1291053,EBRD/CCAR/Bay East,40780183,N,Y,37.766144,-122.176149
PAST SALE,August-25-2017,Single Family Residential,6401 Hillmont Dr,Oakland,CA,94605,800000,5,3.0,Millsmont Area,2550,6050,2016,236,314,,Sold,,,http://www.redfin.com/CA/Oakland/6401-Hillmont-Dr-94605/home/1649387,EBRD/CCAR/Bay East,40791139,N,Y,37.777501,-122.17213
PAST SALE,,Condo/Co-op,6078 Old Quarry Loop #5304,Oakland,CA,94605,518000,2,2.0,,1079,,2009,,480,,,,,http://www.redfin.com/CA/Oakland/6078-Old-Quarry-Loop-94605/unit-5304/home/17184340,,,N,Y,37.7788619,-122.166535
PAST SALE,August-25-2017,Townhouse,6272 Rocky Point Ct,Oakland,CA,94605,760000,3,2.5,Oakland Hills,2269,2107,2010,236,335,269,Sold,,,http://www.redfin.com/CA/Oakland/6272-Rocky-Point-Ct-94605/home/22656382,EBRD/CCAR/Bay East,40783576,N,Y,37.7792984,-122.1632738
PAST SALE,January-23-2018,Single Family Residential,2209 62Nd Ave,Oakland,CA,94605,460000,3,2.0,E Oakland,1288,4125,1922,85,357,,Sold,,,http://www.redfin.com/CA/Oakland/2209-62nd-Ave-94605/home/569734,EBRD/CCAR/Bay East,40802593,N,Y,37.7675372,-122.1924863
PAST SALE,November-7-2017,Single Family Residential,3437 66Th Ave,Oakland,CA,94605,585000,2,1.0,Millsmont Area,1014,4410,1924,162,577,,Sold,,,http://www.redfin.com/CA/Oakland/3437-66th-Ave-94605/home/564826,EBRD/CCAR/Bay East,40797880,N,Y,37.7736635,-122.1767558
PAST SALE,,Multi-Family (2-4 Unit),6106 Hilton St,Oakland,CA,94605,990000,16,8.0,,7245,11400,1965,,137,,,,,http://www.redfin.com/CA/Oakland/6106-Hilton-St-94605/home/1189073,,,N,Y,37.7690068,-122.1918545
PAST SALE,September-1-2017,Single Family Residential,2433 75Th Ave,Oakland,CA,94605,406000,2,1.0,Eastmont Area,930,3300,1952,229,437,,Sold,,,http://www.redfin.com/CA/Oakland/2433-75th-Ave-94605/home/1307565,EBRD/CCAR/Bay East,40792179,N,Y,37.7648759,-122.1762236
PAST SALE,April-11-2017,Single Family Residential,2251 85Th Ave,Oakland,CA,94605,253000,3,2.0,Oakland,1308,5300,1982,372,193,,Sold,,,http://www.redfin.com/CA/Oakland/2251-85th-Ave-94605/home/1386640,EBRD/CCAR/Bay East,40766743,N,Y,37.7583284,-122.1678419
PAST SALE,November-8-2017,Multi-Family (2-4 Unit),6614 Bancroft Ave,Oakland,CA,94605,650000,5,3.0,Havenscourt,2292,2500,1950,161,284,,Sold,,,http://www.redfin.com/CA/Oakland/6614-Bancroft-Ave-94605/home/1422743,EBRD/CCAR/Bay East,40794600,N,Y,37.7699753,-122.1827423
PAST SALE,August-30-2017,Single Family Residential,8106 Iris St,Oakland,CA,94605,405000,2,1.0,Eastmont Area,1050,3610,1925,231,386,,Sold,,,http://www.redfin.com/CA/Oakland/8106-Iris-St-94605/home/2025872,EBRD/CCAR/Bay East,40792301,N,Y,37.7624233,-122.1671323
PAST SALE,,Single Family Residential,6114 Buena Ventura Ave,Oakland,CA,94605,765000,4,3.0,,2085,4040,1928,,367,,,,,http://www.redfin.com/CA/Oakland/6114-Buena-Ventura-Ave-94605/home/564426,,,N,Y,37.7784135,-122.177687
PAST SALE,December-21-2017,Single Family Residential,7755 Sunkist Dr,Oakland,CA,94605,850000,4,2.0,Moss Estate,2404,10750,1956,118,354,,Sold,,,http://www.redfin.com/CA/Oakland/7755-Sunkist-Dr-94605/home/576234,EBRD/CCAR/Bay East,40801513,N,Y,37.7692541,-122.163806
PAST SALE,August-11-2017,Single Family Residential,2701 Ritchie St,Oakland,CA,94605-3329,410000,2,1.0,Eastmont Area,1062,4800,1926,250,386,,Sold,,,http://www.redfin.com/CA/Oakland/2701-Ritchie-St-94605/home/1576982,EBRD/CCAR/Bay East,40785731,N,Y,37.7636804,-122.169128
PAST SALE,August-4-2017,Single Family Residential,2343 Church St,Oakland,CA,94605,420000,2,1.0,Oakland,829,3180,1925,257,507,,Sold,,,http://www.redfin.com/CA/Oakland/2343-Church-St-94605/home/1619327,EBRD/CCAR/Bay East,40786499,N,Y,37.767369,-122.1810462
PAST SALE,April-29-2015,Single Family Residential,8011 HANSOM Dr,Oakland,CA,94605,815000,4,2.5,Sequoyah Hills,2356,8050,1965,1085,346,6,Sold,,,http://www.redfin.com/CA/Oakland/8011-Hansom-Dr-94605/home/1970769,EBRD/CCAR/Bay East,40690968,N,Y,37.7736545,-122.1374581
PAST SALE,October-16-2017,Multi-Family (2-4 Unit),8920 Hillside St,Oakland,CA,94605,430000,2,2.0,Oakland,1285,4800,1943,184,335,,Sold,,,http://www.redfin.com/CA/Oakland/8920-Hillside-St-94605/home/584527,EBRD/CCAR/Bay East,40791611,N,Y,37.7553988,-122.1630077
PAST SALE,May-19-2017,Single Family Residential,8006 Hillside St,Oakland,CA,94605,435000,2,1.0,Oakland,964,,1925,334,451,,Sold,,,http://www.redfin.com/CA/Oakland/8006-Hillside-St-94605/home/1287425,San Francisco MLS,455332,N,Y,37.7626928,-122.1683297
PAST SALE,November-29-2017,Single Family Residential,7108 Greenly Dr,Oakland,CA,94605,575000,2,1.0,Oakland,935,,1947,140,615,,Sold,,,http://www.redfin.com/CA/Oakland/7108-Greenly-Dr-94605/home/1564076,San Francisco MLS,463988,N,Y,37.7742671,-122.1662342
PAST SALE,May-12-2017,Single Family Residential,7975 HILLMONT Dr,Oakland,CA,94605,825000,2,1.0,Eastmont,1127,7760,1940,341,732,,Sold,,,http://www.redfin.com/CA/Oakland/7975-Hillmont-Dr-94605/home/1589989,EBRD/CCAR/Bay East,40776003,N,Y,37.7658352,-122.1627859
PAST SALE,May-19-2017,Single Family Residential,2566 55Th Ave,Oakland,CA,94605,705000,3,2.0,Maxwell  Park,1343,3071,1925,334,525,,Sold,,,http://www.redfin.com/CA/Oakland/2566-55th-Ave-94605/home/1964715,EBRD/CCAR/Bay East,40776362,N,Y,37.7740401,-122.1933842
PAST SALE,February-16-2018,Single Family Residential,2228 87th Ave,OAKLAND,CA,94605,420000,2,1.0,OAKLAND,924,3700,1919,61,455,,Sold,,,http://www.redfin.com/CA/Oakland/2228-87th-Ave-94605/home/1628792,MLSListings,ML81687121,N,Y,37.7559257,-122.1664227
PAST SALE,July-21-2017,Single Family Residential,2924 Cosgrave Ave,Oakland,CA,94605,650000,4,2.0,Oakland,2145,3922,1929,271,303,,Sold,,,http://www.redfin.com/CA/Oakland/2924-Cosgrave-Ave-94605/home/1323729,San Francisco MLS,459232,N,Y,37.7632707,-122.1618989
PAST SALE,May-1-2017,Single Family Residential,2600 63rd Ave,OAKLAND,CA,94605,485000,3,1.5,OAKLAND,1023,5665,1924,352,474,,Sold,,,http://www.redfin.com/CA/Oakland/2600-63rd-Ave-94605/home/568760,MLSListings,ML81643286,N,Y,37.7694682,-122.1872209
PAST SALE,October-18-2017,Single Family Residential,2645 75th Ave,Oakland,CA,94605,480000,4,2.0,East Oakland,1252,3200,1925,182,383,,Sold,,,http://www.redfin.com/CA/Oakland/2645-75th-Ave-94605/home/574172,EBRD/CCAR/Bay East,40795232,N,Y,37.7666052,-122.1736072
PAST SALE,July-14-2017,Single Family Residential,2637 74Th Ave,Oakland,CA,94605,395000,2,1.0,Eastmont Area,748,3000,1950,278,528,,Sold,,,http://www.redfin.com/CA/Oakland/2637-74th-Ave-94605/home/574274,EBRD/CCAR/Bay East,40781704,N,Y,37.7668968,-122.1743943
PAST SALE,October-23-2017,Multi-Family (2-4 Unit),2542 75Th Ave,Oakland,CA,94605,480000,,,Oakland,1528,5000,1947,177,314,,Sold,,,http://www.redfin.com/CA/Oakland/2542-75th-Ave-94605/home/576872,EBRD/CCAR/Bay East,40795086,N,Y,37.7654638,-122.1745385
PAST SALE,May-31-2017,Single Family Residential,2240 Auseon Ave,Oakland,CA,94605,445000,3,2.0,East Oakland,1322,4000,1918,322,337,,Sold,,,http://www.redfin.com/CA/Oakland/2240-Auseon-Ave-94605/home/586331,EBRD/CCAR/Bay East,40771548,N,Y,37.7565161,-122.1666888
PAST SALE,April-18-2017,Multi-Family (2-4 Unit),2625 Seminary,Oakland,CA,94605,650000,7,4.0,Seminary,2912,3605,1953,365,223,,Sold,,,http://www.redfin.com/CA/Oakland/2625-Seminary-Ave-94605/home/1465691,EBRD/CCAR/Bay East,40774826,N,Y,37.7721521,-122.1897927
PAST SALE,,Single Family Residential,3028 73rd Ave,Oakland,CA,94605,388500,3,3.0,,2154,11680,1951,,180,,,,,http://www.redfin.com/CA/Oakland/3028-73rd-Ave-94605/home/1758111,,,N,Y,37.7712207,-122.1693498
PAST SALE,June-30-2017,Single Family Residential,7974 Sunkist Dr,Oakland,CA,94605,450000,3,1.0,King Estates,1168,5929,1952,292,385,,Sold,,,http://www.redfin.com/CA/Oakland/7974-Sunkist-Dr-94605/home/1881998,EBRD/CCAR/Bay East,40767775,N,Y,37.7674215,-122.159903
PAST SALE,,Single Family Residential,2270 Auseon Ave,Oakland,CA,94605,45000,2,1.0,,896,3800,1922,,50,,,,,http://www.redfin.com/CA/Oakland/2270-Auseon-Ave-94605/home/1903013,,,N,Y,37.7568543,-122.1660679
PAST SALE,August-22-2017,Single Family Residential,3208 60Th Ave,Oakland,CA,94605,510000,2,1.0,Chevrolet Park,880,2850,1926,239,580,,Sold,,,http://www.redfin.com/CA/Oakland/3208-60th-Ave-94605/home/1914026,EBRD/CCAR/Bay East,40788082,N,Y,37.7754291,-122.183352
PAST SALE,May-5-2017,Single Family Residential,2600 Havenscourt Blvd,Oakland,CA,94605,420000,2,1.0,Oakland,906,4000,1923,348,464,,Sold,,,http://www.redfin.com/CA/Oakland/2600-Havenscourt-Blvd-94605/home/1952644,San Francisco MLS,455077,N,Y,37.7675801,-122.184117
PAST SALE,,Single Family Residential,7608 Sunkist Dr,Oakland,CA,94605,510000,4,2.0,,1824,7803,1941,,280,,,,,http://www.redfin.com/CA/Oakland/7608-Sunkist-Dr-94605/home/963462,,,N,Y,37.7708693,-122.1648704
PAST SALE,January-8-2016,Single Family Residential,71 SIENA Dr,Oakland,CA,94605,649000,3,3.0,Oakland Hills,1757,3968,2007,831,369,200,Sold,,,http://www.redfin.com/CA/Oakland/71-Siena-Dr-94605/home/17184336,EBRD/CCAR/Bay East,40723658,N,Y,37.771409,-122.152051
PAST SALE,March-16-2018,Single Family Residential,7320 Arthur St,Oakland,CA,94605,475000,2,1.0,Oakland,1010,4000,1939,33,470,,Sold,,,http://www.redfin.com/CA/Oakland/7320-Arthur-St-94605/home/1142020,EBRD/CCAR/Bay East,40809146,N,Y,37.7634056,-122.1799486
PAST SALE,March-31-2018,Single Family Residential,2945 62nd,Oakland,CA,94605,492500,2,1.5,Oakland,1225,4033,1935,18,402,,Sold,,,http://www.redfin.com/CA/Oakland/2945-62nd-Ave-94605/home/1533016,San Francisco MLS,465819,N,Y,37.7725785,-122.1850592
PAST SALE,April-8-2018,Single Family Residential,7870 Ney Ave,Oakland,CA,94605-3310,735000,4,3.0,Eastmont,1850,13500,1925,10,397,,Sold,,,http://www.redfin.com/CA/Oakland/7870-Ney-Ave-94605/home/577259,EBRD/CCAR/Bay East,40800877,N,Y,37.7665175,-122.1659348
PAST SALE,March-26-2018,Single Family Residential,2228 86th Ave,Oakland,CA,94605,483000,3,2.0,Bancroft,1585,5227,1919,23,305,,Sold,,,http://www.redfin.com/CA/Oakland/2228-86th-Ave-94605/home/1776295,EBRD/CCAR/Bay East,40810062,N,Y,37.757012,-122.1672653
PAST SALE,November-26-2015,Condo/Co-op,455 Canyon Oaks Unit C,Oakland,CA,94605,440000,2,2.0,Shadow Woods,1123,,1986,874,392,351,Sold,,,http://www.redfin.com/CA/Oakland/455-Canyon-Oaks-Dr-94605/unit-C/home/12116769,EBRD/CCAR/Bay East,40719109,N,Y,37.772343,-122.14958
PAST SALE,July-24-2015,Single Family Residential,3500 Oak Knoll Blvd,Oakland,CA,94605,650000,3,2.0,Oak Knoll,1882,8367,1929,999,345,,Sold,,,http://www.redfin.com/CA/Oakland/3500-Oak-Knoll-Blvd-94605/home/1257064,EBRD/CCAR/Bay East,40703844,N,Y,37.7562983,-122.1498788
PAST SALE,March-13-2017,Single Family Residential,2221 86Th Ave,Oakland,CA,94605,441000,3,1.0,Oakland,1077,5320,1939,401,409,,Sold,,,http://www.redfin.com/CA/Oakland/2221-86th-Ave-94605/home/1386639,EBRD/CCAR/Bay East,40767882,N,Y,37.7572467,-122.1678419
PAST SALE,June-5-2015,Single Family Residential,2255 86TH Ave,Oakland,CA,94605,346000,3,2.0,Oakland,1427,4000,1914,1048,242,,Sold,,,http://www.redfin.com/CA/Oakland/2255-86th-Ave-94605/home/1712655,EBRD/CCAR/Bay East,40693247,N,Y,37.757673,-122.1671766
PAST SALE,,Vacant Land,Outlook Ave,Oakland,CA,94605,235000,,,,,28976,,,,,,,,http://www.redfin.com/CA/Oakland/Outlook-Ave-94605/home/22812711,,,N,Y,37.769158,-122.166618
PAST SALE,June-26-2015,Single Family Residential,2725 76TH Ave,Oakland,CA,94605,328500,3,2.0,Eastmont,1404,3500,1928,1027,234,,Sold,,,http://www.redfin.com/CA/Oakland/2725-76th-Ave-94605/home/575391,EBRD/CCAR/Bay East,40695393,N,Y,37.767094,-122.1713898
PAST SALE,November-30-2015,Single Family Residential,2667 PARKER Ave,Oakland,CA,94605,300000,3,1.0,Eastmont Area,1008,5000,1924,870,298,,Sold,,,http://www.redfin.com/CA/Oakland/2667-Parker-Ave-94605/home/573817,EBRD/CCAR/Bay East,40710538,N,Y,37.7646256,-122.1711681
PAST SALE,May-27-2015,Single Family Residential,7330 KRAUSE Ave,Oakland,CA,94605,290000,2,1.0,Eastmont Area,783,5460,1927,1057,370,,Sold,,,http://www.redfin.com/CA/Oakland/7330-Krause-Ave-94605/home/575260,EBRD/CCAR/Bay East,40690546,N,Y,37.7645761,-122.1778201
PAST SALE,,Single Family Residential,7620 Garfield Ave,Oakland,CA,94605,157500,3,1.0,,1847,5000,1925,,85,,,,,http://www.redfin.com/CA/Oakland/7620-Garfield-Ave-94605/home/575365,,,N,Y,37.7650064,-122.1734076
PAST SALE,October-14-2015,Townhouse,2944 76TH Ave,Oakland,CA,94605,439900,4,3.5,Eastmont Hills,3462,7860,1929,917,127,,Sold,,,http://www.redfin.com/CA/Oakland/2944-76th-Ave-94605/home/575976,EBRD/CCAR/Bay East,40698489,N,Y,37.7686214,-122.1677314
PAST SALE,,Single Family Residential,2501 75th Ave,Oakland,CA,94605,360000,2,1.0,,926,3800,1940,,389,,,,,http://www.redfin.com/CA/Oakland/2501-75th-Ave-94605/home/576853,,,N,Y,37.7653166,-122.1754808
PAST SALE,August-27-2015,Single Family Residential,,Oakland,CA,94605,305000,3,1.0,,1096,3058,1922,965,278,,Sold,,,http://www.redfin.com/CA/Oakland/Undisclosed-address-94605/home/1412641,BAREIS,21515297,N,Y,37.7708753,-122.1895685
PAST SALE,August-2-2016,Single Family Residential,7756 HILLMONT Dr,Oakland,CA,94605,720000,3,2.0,East Oakl Hills,1470,10300,1958,624,490,,Sold,,,http://www.redfin.com/CA/Oakland/7756-Hillmont-Dr-94605/home/577125,EBRD/CCAR/Bay East,40748036,N,Y,37.7689031,-122.1649591
PAST SALE,June-28-2016,Single Family Residential,6947 Halliday Ave,Oakland,CA,94605-2359,340000,2,1.0,Eastmont Mall,764,3597,1925,659,445,,Sold,,,http://www.redfin.com/CA/Oakland/6947-Halliday-Ave-94605/home/710468,EBRD/CCAR/Bay East,40737834,N,Y,37.7666694,-122.1791504
PAST SALE,December-27-2016,Single Family Residential,2646 106Th Ave,Oakland,CA,94605,601000,5,3.0,Ivy Wood Ext.,2242,5240,1949,477,268,,Sold,,,http://www.redfin.com/CA/Oakland/2646-106th-Ave-94605/home/596089,EBRD/CCAR/Bay East,40763534,N,Y,37.7433685,-122.1512979
PAST SALE,July-12-2016,Single Family Residential,2570 98TH Ave,Oakland,CA,94605,510000,4,2.0,Toler Heights,1360,5208,1963,645,375,,Sold,,,http://www.redfin.com/CA/Oakland/2570-98th-Ave-94605/home/596956,EBRD/CCAR/Bay East,40742673,N,Y,37.7507528,-122.1560886
PAST SALE,August-28-2015,Single Family Residential,3517 Mirasol Ave,Oakland,CA,94605,362500,2,2.0,Alameda County,1188,6351,1937,964,305,,Sold,,,http://www.redfin.com/CA/Oakland/3517-Mirasol-Ave-94605/home/1224393,BAREIS,21519423,N,Y,37.7574896,-122.1504998
PAST SALE,,Single Family Residential,9827 Burr St,Oakland,CA,94605,560000,3,2.0,,1546,6000,1939,,362,,,,,http://www.redfin.com/CA/Oakland/9827-Burr-St-94605/home/1366322,,,N,Y,37.7501346,-122.1554233
PAST SALE,December-18-2015,Single Family Residential,,Oakland,CA,94605,420000,3,1.0,Oakland,1011,4905,1941,852,415,,Sold,,,http://www.redfin.com/CA/Oakland/Undisclosed-address-94605/home/1743572,EBRD/CCAR/Bay East,40719047,N,Y,37.7453491,-122.1532499
PAST SALE,January-10-2017,Single Family Residential,9232 Golf Links Rd,Oakland,CA,94605,650000,3,1.5,Oak Knoll,1144,6664,1955,463,568,,Sold,,,http://www.redfin.com/CA/Oakland/9232-Golf-Links-Rd-94605/home/1798911,EBRD/CCAR/Bay East,40763696,N,Y,37.7563828,-122.1536491
PAST SALE,November-29-2016,Single Family Residential,9200 CASTLEWOOD St,Oakland,CA,94605,558000,3,2.5,Oakland Zoo,1686,4830,1956,505,331,,Sold,,,http://www.redfin.com/CA/Oakland/9200-Castlewood-St-94605/home/1937177,EBRD/CCAR/Bay East,40749666,N,Y,37.7572631,-122.1532055
PAST SALE,January-7-2016,Single Family Residential,9895 Thermal,Oakland,CA,94605,320000,2,1.0,Oakland Hills,1172,4335,1924,832,273,,Sold,,,http://www.redfin.com/CA/Oakland/9895-Thermal-St-94605/home/2045068,EBRD/CCAR/Bay East,40722305,N,Y,37.747881,-122.1565765
PAST SALE,November-8-2016,Single Family Residential,9863 STANLEY Ave,Oakland,CA,94605,500000,3,2.0,Oakland,1573,5950,1940,526,318,,Sold,,,http://www.redfin.com/CA/Oakland/9863-Stanley-Ave-94605/home/619088,EBRD/CCAR/Bay East,40758519,N,Y,37.7501126,-122.1521857
PAST SALE,March-4-2016,Townhouse,6511 Bayview Dr,Oakland,CA,94605,824025,4,3.5,Oakland,2513,3325,2015,775,328,208,Sold,,,http://www.redfin.com/CA/Oakland/6511-Bayview-Dr-94605/home/22656373,EBRD/CCAR/Bay East,40725281,N,Y,37.7783,-122.161711
PAST SALE,July-29-2015,Townhouse,6507 BAYVIEW Dr,Oakland,CA,94605,750246,4,2.5,Oakland,2415,3325,2015,994,311,208,Sold,,,http://www.redfin.com/CA/Oakland/6507-Bayview-Dr-94605/home/22656371,EBRD/CCAR/Bay East,40698249,N,Y,37.7784762,-122.1618102
PAST SALE,May-6-2016,Single Family Residential,8338 GOLF LINKS Rd,Oakland,CA,94605,440000,2,1.5,Oak Knoll,1178,4343,1934,712,374,,Sold,,,http://www.redfin.com/CA/Oakland/8338-Golf-Links-Rd-94605/home/2017641,EBRD/CCAR/Bay East,40734491,N,Y,37.7623351,-122.1620319
PAST SALE,April-25-2016,Single Family Residential,8301 Ney Ave,Oakland,CA,94605,640000,4,2.0,Alameda County,2018,3485,1929,723,317,,Sold,,,http://www.redfin.com/CA/Oakland/8301-Ney-Ave-94605/home/2025936,BAREIS,21520681,N,Y,37.7628071,-122.1625642
PAST SALE,,Single Family Residential,4436 Turner Ave,Oakland,CA,94605,865000,3,3.0,,2443,44045,1951,,354,,,,,http://www.redfin.com/CA/Oakland/4436-Turner-Ave-94605/home/600061,,,N,Y,37.7460026,-122.1236163
PAST SALE,May-25-2016,Single Family Residential,4955 SCOTIA Ave,Oakland,CA,94605,765000,3,2.0,Grass Valley,1549,7700,1959,693,494,,Sold,,,http://www.redfin.com/CA/Oakland/4955-Scotia-Ave-94605/home/1681385,EBRD/CCAR/Bay East,40737161,N,Y,37.7550509,-122.1207328
PAST SALE,May-1-2015,Single Family Residential,4734 LOWREY Rd,Oakland,CA,94605,1100000,5,3.0,Chabot Park Ests,3736,36150,1950,1083,294,55,Sold,,,http://www.redfin.com/CA/Oakland/4734-Lowrey-Rd-94605/home/1689563,EBRD/CCAR/Bay East,40688645,N,Y,37.7486276,-122.1188466
PAST SALE,,Single Family Residential,10710 Cotter St,Oakland,CA,94605,785000,3,2.0,,1579,10020,1959,,497,,,,,http://www.redfin.com/CA/Oakland/10710-Cotter-St-94605/home/844265,,,N,Y,37.7559415,-122.1235719
PAST SALE,September-25-2015,Single Family Residential,2757 PARKER Ave,Oakland,CA,94605,345000,2,1.0,East Oakland,924,3800,1925,936,373,,Sold,,,http://www.redfin.com/CA/Oakland/2757-Parker-Ave-94605/home/1862720,EBRD/CCAR/Bay East,40715045,N,Y,37.765704,-122.1687289
PAST SALE,August-25-2016,Single Family Residential,3963 Delmont Ave,Oakland,CA,94605-2232,428000,2,1.0,Oakland,676,6200,1925,601,633,,Sold,,,http://www.redfin.com/CA/Oakland/3963-Delmont-Ave-94605/home/1881803,EBRD/CCAR/Bay East,40747880,N,Y,37.7773536,-122.1696602
PAST SALE,,Condo/Co-op,6630 MacArthur Blvd Apt 9,Oakland,CA,94605,182000,2,1.0,,759,,1965,,240,,,,,http://www.redfin.com/CA/Oakland/6630-MacArthur-Blvd-94605/unit-9/home/1925202,,,N,Y,37.7724303,-122.1773766
PAST SALE,November-12-2015,Condo/Co-op,440 CANYON OAKS Dr Unit G,Oakland,CA,94605,350000,1,1.0,Shadow Woods,815,,1986,888,429,305,Sold,,,http://www.redfin.com/CA/Oakland/440-Canyon-Oaks-Dr-94605/unit-G/home/12116756,EBRD/CCAR/Bay East,40719471,N,Y,37.771272,-122.14969
PAST SALE,March-16-2016,Single Family Residential,4479 OAK HILL Rd,Oakland,CA,94605,1300000,3,3.0,Sequoyah,2293,16000,1951,763,567,,Sold,,,http://www.redfin.com/CA/Oakland/4479-Oak-Hill-Rd-94605/home/602934,EBRD/CCAR/Bay East,40730601,N,Y,37.766091,-122.140312
PAST SALE,September-10-2015,Condo/Co-op,635 CANYON OAKS Dr Unit E,Oakland,CA,94605,342000,1,1.0,Shadow Woods,815,815,1986,951,420,305,Sold,,,http://www.redfin.com/CA/Oakland/635-Canyon-Oaks-Dr-94605/unit-E/home/58637818,EBRD/CCAR/Bay East,40712299,N,Y,37.774481,-122.145973
PAST SALE,June-12-2015,Condo/Co-op,480 CANYON OAKS Dr Unit 480C,Oakland,CA,94605-3823,365000,2,2.0,Shadow Woods,1123,,1986,1041,325,350,Sold,,,http://www.redfin.com/CA/Oakland/480-Canyon-Oaks-Dr-94605/unit-480C/home/77304168,EBRD/CCAR/Bay East,40686579,N,Y,37.771451,-122.148443
PAST SALE,May-20-2016,Condo/Co-op,615 Canyon Oaks Dr Unit E,Oakland,CA,94605,451000,2,2.0,Shadow Woods,1123,,1986,698,402,391,Sold,,,http://www.redfin.com/CA/Oakland/615-Canyon-Oaks-Dr-94605/unit-E/home/104098493,EBRD/CCAR/Bay East,40731862,N,Y,37.774052,-122.1457757
PAST SALE,March-9-2017,Single Family Residential,8277 SKYLINE Cir,Oakland,CA,94605,940000,4,2.5,Oakland Hills,2350,7855,1998,405,400,140,Sold,,,http://www.redfin.com/CA/Oakland/8277-Skyline-Cir-94605/home/587955,EBRD/CCAR/Bay East,40763122,N,Y,37.773253,-122.1324008
PAST SALE,October-16-2015,Single Family Residential,64 SIENA Dr,Oakland,CA,94605,650000,4,3.5,Oakland Hills,2042,6611,2008,915,318,200,Sold,,,http://www.redfin.com/CA/Oakland/64-Siena-Dr-94605/home/12352161,EBRD/CCAR/Bay East,40708064,N,Y,37.7712419,-122.152392
PAST SALE,January-12-2017,Condo/Co-op,8065 GREENRIDGE Dr,Oakland,CA,94605,455000,2,1.0,Oakland Hills,899,,1964,461,506,258,Sold,,,http://www.redfin.com/CA/Oakland/8065-Greenridge-Dr-94605/home/95473248,EBRD/CCAR/Bay East,40760621,N,Y,37.7728359,-122.1524071
PAST SALE,February-29-2016,Single Family Residential,3927 Burckhalter,Oakland,CA,94605,655000,3,2.0,Millsmont Area,1346,7200,2011,779,487,,Sold,,,http://www.redfin.com/CA/Oakland/3927-Burckhalter-Ave-94605/home/577367,EBRD/CCAR/Bay East,40725437,N,Y,37.7748697,-122.1682965
PAST SALE,May-20-2016,Single Family Residential,7982 Sanford St,Oakland,CA,94605-3713,535000,3,1.5,East Oakl Hills,1104,8989,1946,698,485,,Sold,,,http://www.redfin.com/CA/Oakland/7982-Sanford-St-94605/home/1031284,EBRD/CCAR/Bay East,40733697,N,Y,37.7714239,-122.1537378
PAST SALE,March-14-2017,Single Family Residential,2219 65TH Ave,Oakland,CA,94605,260000,2,1.0,Havenscourt Area,782,2500,1921,400,332,,Sold,,,http://www.redfin.com/CA/Oakland/2219-65th-Ave-94605/home/569186,EBRD/CCAR/Bay East,40753040,N,Y,37.766105,-122.1901098
PAST SALE,May-4-2015,Single Family Residential,7325 HALLIDAY Ave,Oakland,CA,94605,230000,2,1.0,E Oakland,1010,2730,1924,1080,228,,Sold,,,http://www.redfin.com/CA/Oakland/7325-Halliday-Ave-94605/home/1224293,EBRD/CCAR/Bay East,40690732,N,Y,37.7648436,-122.177554
PAST SALE,January-8-2016,Single Family Residential,6911 HALLIDAY Ave,Oakland,CA,94605,325000,3,2.0,E Oakland,1109,3815,1927,831,293,,Sold,,,http://www.redfin.com/CA/Oakland/6911-Halliday-Ave-94605/home/1268259,EBRD/CCAR/Bay East,40703832,N,Y,37.7671412,-122.1796834
PAST SALE,September-15-2015,Single Family Residential,2527 HAVENSCOURT Blvd,Oakland,CA,94605,385000,3,1.0,Havenscourt,2149,4000,1925,946,179,,Sold,,,http://www.redfin.com/CA/Oakland/2527-Havenscourt-Blvd-94605/home/1533023,EBRD/CCAR/Bay East,40708355,N,Y,37.7673477,-122.1854916
PAST SALE,November-10-2015,Single Family Residential,2301 66TH Ave,Oakland,CA,94605,275000,2,1.0,Havenscourt,884,3500,1925,890,311,,Sold,,,http://www.redfin.com/CA/Oakland/2301-66th-Ave-94605/home/1571805,EBRD/CCAR/Bay East,40701854,N,Y,37.7659979,-122.1888504
PAST SALE,January-8-2016,Single Family Residential,6610 Bancroft Ave,Oakland,CA,94605,449000,5,2.0,Oakland,1750,2500,1965,831,257,,Sold,,,http://www.redfin.com/CA/Oakland/6610-Bancroft-Ave-94605/home/1761413,EBRD/CCAR/Bay East,40717234,N,Y,37.7699482,-122.182831
PAST SALE,September-4-2015,Single Family Residential,2696 67TH Ave,Oakland,CA,94605,400000,3,1.0,Heavenscourt,928,3000,1920,957,431,,Sold,,,http://www.redfin.com/CA/Oakland/2696-67th-Ave-94605/home/1831628,EBRD/CCAR/Bay East,40705866,N,Y,37.7681573,-122.1818554
PAST SALE,November-3-2015,Single Family Residential,2321 CHURCH St,Oakland,CA,94605,275000,2,1.0,Eastmont Area,732,2650,1946,897,376,,Sold,,,http://www.redfin.com/CA/Oakland/2321-Church-St-94605/home/1930367,EBRD/CCAR/Bay East,40716738,N,Y,37.7670915,-122.1814674
PAST SALE,May-28-2015,Single Family Residential,6701 ARTHUR St,Oakland,CA,94605,205000,3,1.0,Havenscourt,1271,4000,1925,1056,161,,Sold,,,http://www.redfin.com/CA/Oakland/6701-Arthur-St-94605/home/1999691,EBRD/CCAR/Bay East,40697925,N,Y,37.7669527,-122.1838509
PAST SALE,November-5-2015,Single Family Residential,2619 74th Ave,Oakland,CA,94605,198000,2,1.0,East Oakland,,3800,1924,895,,,Sold,,,http://www.redfin.com/CA/Oakland/2619-74th-Ave-94605/home/2013805,EBRD/CCAR/Bay East,40718986,N,Y,37.7666784,-122.1747159
PAST SALE,August-7-2015,Single Family Residential,6809 HILLMONT Dr,Oakland,CA,94605,585000,3,2.0,Eastmont Hills,1148,7076,1925,985,510,,Sold,,,http://www.redfin.com/CA/Oakland/6809-Hillmont-Dr-94605/home/980498,EBRD/CCAR/Bay East,40705599,N,Y,37.7746623,-122.1699263
PAST SALE,May-5-2016,Single Family Residential,2839 75TH Ave,Oakland,CA,94605,420000,3,1.0,Eastmont Hills,1256,3600,1931,713,334,,Sold,,,http://www.redfin.com/CA/Oakland/2839-75th-Ave-94605/home/1001177,EBRD/CCAR/Bay East,40731051,N,Y,37.7690082,-122.1703698
PAST SALE,,Single Family Residential,2739 79th Ave,Oakland,CA,94605,250000,2,1.0,,968,5040,1925,,258,,,,,http://www.redfin.com/CA/Oakland/2739-79th-Ave-94605/home/1323518,,,N,Y,37.7647954,-122.1687732
PAST SALE,October-14-2016,Single Family Residential,2707 75TH Ave,Oakland,CA,94605,300000,2,1.0,Eastmont,940,2450,1926,551,319,,Sold,,,http://www.redfin.com/CA/Oakland/2707-75th-Ave-94605/home/1914163,EBRD/CCAR/Bay East,40752655,N,Y,37.767423,-122.172177
PAST SALE,November-2-2016,Single Family Residential,5815 AVENAL Ave,Oakland,CA,94605,405000,2,1.5,Oakland,1333,5120,1917,532,304,,Sold,,,http://www.redfin.com/CA/Oakland/5815-Avenal-Ave-94605/home/1871970,EBRD/CCAR/Bay East,40757682,N,Y,37.770615,-122.193099
PAST SALE,June-21-2017,Single Family Residential,8341 Outlook Ave,Oakland,CA,94605,630000,3,2.0,Oak Knoll,1727,3648,1949,301,365,,Sold,,,http://www.redfin.com/CA/Oakland/8341-Outlook-Ave-94605/home/691531,EBRD/CCAR/Bay East,40779408,N,Y,37.7633067,-122.1609231
PAST SALE,September-8-2015,Townhouse,6158 Old Quarry Loop,Oakland,CA,94605,536500,2,2.5,Oakland,1596,,2007,953,336,305,Sold,,,http://www.redfin.com/CA/Oakland/6158-Old-Quarry-Loop-94605/home/22808932,San Francisco MLS,435541,N,Y,37.778694,-122.164656
PAST SALE,October-14-2015,Single Family Residential,6057 outlook,Oakland,CA,94605,585000,3,2.0,Upper Millsmont,1737,5400,1938,917,337,,Sold,,,http://www.redfin.com/CA/Oakland/6057-Outlook-Ave-94605/home/564734,EBRD/CCAR/Bay East,40715131,N,Y,37.7779423,-122.1791726
PAST SALE,,Multi-Family (2-4 Unit),5940 Majestic Ave,Oakland,CA,94605,485000,3,2.0,,1396,3042,1947,,347,,,,,http://www.redfin.com/CA/Oakland/5940-Majestic-Ave-94605/home/528644,,,N,Y,37.7787447,-122.1799043
PAST SALE,June-21-2016,Single Family Residential,2318 62nd Ave,Oakland,CA,94605-1429,310000,2,1.0,Oakland,772,3392,1923,666,402,,Sold,,,http://www.redfin.com/CA/Oakland/2318-62nd-Ave-94605/home/1277366,EBRD/CCAR/Bay East,40732392,N,Y,37.7681885,-122.1909986
PAST SALE,May-11-2016,Condo/Co-op,6166 Old Quarry Loop,Oakland,CA,94605,555000,2,2.5,Oakland Hills,1804,,2007,707,308,342,Sold,,,http://www.redfin.com/CA/Oakland/6166-Old-Quarry-Loop-94605/home/21643618,EBRD/CCAR/Bay East,40731934,N,Y,37.778694,-122.164656
PAST SALE,,Townhouse,3605 Majestic Ave Unit B,Oakland,CA,94605,360000,3,2.0,,1363,6235,1990,,264,,,,,http://www.redfin.com/CA/Oakland/3605-Majestic-Ave-94605/unit-B/home/1871916,,,N,Y,37.7792583,-122.1797648
PAST SALE,November-19-2015,Single Family Residential,2121 65TH Ave,Oakland,CA,94621,335000,3,2.0,Havenscourt,941,3800,1924,881,356,,Sold,,,http://www.redfin.com/CA/Oakland/2121-65th-Ave-94621/home/1775261,EBRD/CCAR/Bay East,40715099,N,Y,37.765661,-122.190829
PAST SALE,April-29-2016,Single Family Residential,,Oakland,CA,94605,595000,2,1.0,Millsmont Area,1078,4212,1939,719,552,,Sold,,,http://www.redfin.com/CA/Oakland/Undisclosed-address-94605/home/565160,EBRD/CCAR/Bay East,40733002,N,Y,37.7739807,-122.1754697
PAST SALE,,Single Family Residential,3951 Delmont Ave,Oakland,CA,94605,180000,2,1.0,,646,6250,1923,,279,,,,,http://www.redfin.com/CA/Oakland/3951-Delmont-Ave-94605/home/565803,,,N,Y,37.7773677,-122.1701037
PAST SALE,June-10-2015,Single Family Residential,3561 66TH Ave,Oakland,CA,94605,545000,3,1.0,Millsmont Area,1461,4200,1940,1043,373,,Sold,,,http://www.redfin.com/CA/Oakland/3561-66th-Ave-94605/home/566607,EBRD/CCAR/Bay East,40696200,N,Y,37.7743606,-122.1756915
PAST SALE,October-23-2015,Single Family Residential,3522 68TH Ave,Oakland,CA,94605,450000,3,1.0,Millsmont Area,975,6656,1931,908,462,,Sold,,,http://www.redfin.com/CA/Oakland/3522-68th-Ave-94605/home/772754,EBRD/CCAR/Bay East,40715658,N,Y,37.7727714,-122.1740839
PAST SALE,September-11-2015,Single Family Residential,7556 OUTLOOK Ave,Oakland,CA,94605,525000,3,2.0,Eastmont Hills,1340,8256,1926,950,392,,Sold,,,http://www.redfin.com/CA/Oakland/7556-Outlook-Ave-94605/home/787209,EBRD/CCAR/Bay East,40709545,N,Y,37.7695305,-122.1677975
PAST SALE,January-6-2017,Single Family Residential,8491 NEY Ave,Oakland,CA,94605,615000,3,2.5,Oakland Hills,2007,6876,1958,467,306,,Sold,,,http://www.redfin.com/CA/Oakland/8491-Ney-Ave-94605/home/1571992,EBRD/CCAR/Bay East,40754112,N,Y,37.762029,-122.1577075
PAST SALE,November-29-2016,Single Family Residential,4981 STONERIDGE Ct,Oakland,CA,94605,985000,3,2.5,Ridgemont,2190,25600,1988,505,450,,Sold,,,http://www.redfin.com/CA/Oakland/4981-Stoneridge-Ct-94605/home/566207,EBRD/CCAR/Bay East,40760595,N,Y,37.78076,-122.1532055
PAST SALE,June-17-2016,Single Family Residential,13606 CAMPUS Dr,Oakland,CA,94605,980000,3,2.0,Ridgemont,2425,16000,1989,670,404,,Sold,,,http://www.redfin.com/CA/Oakland/13606-Campus-Dr-94605/home/567900,EBRD/CCAR/Bay East,40737058,N,Y,37.7809509,-122.1566209
PAST SALE,March-3-2016,Single Family Residential,8048 GREENLY Dr,Oakland,CA,94605,575000,3,1.0,Melrose,1092,5000,1941,776,527,,Sold,,,http://www.redfin.com/CA/Oakland/8048-Greenly-Dr-94605/home/578930,EBRD/CCAR/Bay East,40727592,N,Y,37.7680849,-122.1566209
PAST SALE,November-25-2015,Multi-Family (2-4 Unit),8096 GREENRIDGE Dr,Oakland,CA,94605,830000,8,5.0,Oakland,4426,6004,1967,875,188,,Sold,,,http://www.redfin.com/CA/Oakland/8096-Greenridge-Dr-94605/home/579197,EBRD/CCAR/Bay East,40720329,N,Y,37.7721179,-122.151764
PAST SALE,October-11-2016,Single Family Residential,7916 WINTHROPE St,Oakland,CA,94605,525000,2,1.0,King Estates,839,5000,1943,554,626,,Sold,,,http://www.redfin.com/CA/Oakland/7916-Winthrope-St-94605/home/580111,EBRD/CCAR/Bay East,40756320,N,Y,37.7703375,-122.1575523
PAST SALE,March-25-2016,Single Family Residential,4163 RIFLE Ln,Oakland,CA,94605,675000,3,2.0,Oakland Hills,1400,6590,1941,754,482,,Sold,,,http://www.redfin.com/CA/Oakland/4163-Rifle-Ln-94605/home/691393,EBRD/CCAR/Bay East,40720856,N,Y,37.7756331,-122.1601248
PAST SALE,November-1-2016,Single Family Residential,5822 KINGSLEY Cir,Oakland,CA,94605,250000,2,1.0,Seminary,703,1482,1924,533,356,,Sold,,,http://www.redfin.com/CA/Oakland/5822-Kingsley-Cir-94605/home/568257,EBRD/CCAR/Bay East,40752604,N,Y,37.7726071,-122.1903658
PAST SALE,May-19-2016,Single Family Residential,2518 60th Ave,Oakland,CA,94605,332000,4,1.0,Oakland,1384,4400,1914,699,240,,Sold,,,http://www.redfin.com/CA/Oakland/2518-60th-Ave-94605/home/1563867,EBRD/CCAR/Bay East,40730532,N,Y,37.7703214,-122.1903187
PAST SALE,October-28-2015,Single Family Residential,5529 Fleming Ave,Oakland,CA,94605,750000,4,2.0,Oakland,2100,7705,1914,903,357,,Sold,,,http://www.redfin.com/CA/Oakland/5529-Fleming-Ave-94605/home/567320,EBRD/CCAR/Bay East,40717542,N,Y,37.7745845,-122.1919653
PAST SALE,July-22-2016,Vacant Land,Revere Ave,Oakland,CA,94603,16666,,,Oakland,,9999,,635,,,Sold,,,http://www.redfin.com/CA/Oakland/Revere-Ave-94605/home/22690149,EBRD/CCAR/Bay East,40719773,N,Y,37.734366,-122.133311
PAST SALE,March-7-2016,Single Family Residential,263 COVINGTON St,Oakland,CA,94605,650000,2,2.0,Oakland,1150,5100,1940,772,565,8,Sold,,,http://www.redfin.com/CA/Oakland/263-Covington-St-94605/home/1533464,EBRD/CCAR/Bay East,40729171,N,Y,37.7348884,-122.1359942
PAST SALE,September-21-2016,Single Family Residential,239 MARLOW Dr,Oakland,CA,94605-5821,710000,2,2.0,Oakland,1340,6065,1942,574,530,8,Sold,,,http://www.redfin.com/CA/Oakland/239-Marlow-Dr-94605/home/1963274,EBRD/CCAR/Bay East,40750216,N,Y,37.7353034,-122.134752
PAST SALE,August-11-2016,Single Family Residential,3260 REVERE Ave,Oakland,CA,94605,650000,3,1.5,Oakland,1581,7462,1951,615,411,,Sold,,,http://www.redfin.com/CA/Oakland/3260-Revere-Ave-94605/home/2017747,EBRD/CCAR/Bay East,40743253,N,Y,37.7358106,-122.1338204
PAST SALE,April-19-2016,Single Family Residential,9430 Mountain Blvd,Oakland,CA,94605,650000,4,2.5,Oakland,,8359,1996,729,,,Sold,,,http://www.redfin.com/CA/Oakland/9430-Mountain-Blvd-94605/home/585857,San Francisco MLS,442789,N,Y,37.7586272,-122.1471286
PAST SALE,January-26-2016,Single Family Residential,196 Maggoria Dr,Oakland,CA,94605,550000,3,2.0,Chabot Park,1857,6820,1963,813,296,,Sold,,,http://www.redfin.com/CA/Oakland/196-Maggiora-Dr-94605/home/602152,EBRD/CCAR/Bay East,40721974,N,Y,37.7471261,-122.1407853
PAST SALE,March-1-2016,Single Family Residential,10520 Mark St,Oakland,CA,94605,622950,4,3.0,Malcolm,2112,4400,1994,778,295,,Sold,,,http://www.redfin.com/CA/Oakland/10520-Mark-St-94605/home/1457209,EBRD/CCAR/Bay East,40709591,N,Y,37.7480813,-122.1440235
PAST SALE,May-5-2015,Single Family Residential,10546 MARK St,Oakland,CA,94605,430000,2,2.0,Chabot Park,990,3795,1946,1079,434,,Sold,,,http://www.redfin.com/CA/Oakland/10546-Mark-St-94605/home/1716933,EBRD/CCAR/Bay East,40687969,N,Y,37.7477352,-122.1439348
PAST SALE,December-31-2015,Single Family Residential,45 ELYSIAN FIELDS Dr,Oakland,CA,94605,943000,3,2.0,Sequoyah Hills,1649,10815,1956,839,572,,Sold,,,http://www.redfin.com/CA/Oakland/45-Elysian-Fields-Dr-94605/home/1761763,EBRD/CCAR/Bay East,40723888,N,Y,37.7587342,-122.1401561
PAST SALE,December-22-2016,Single Family Residential,2970 BARRETT St,Oakland,CA,94605,510000,3,2.0,East Oakl Hills,1592,4400,1925,482,320,,Sold,,,http://www.redfin.com/CA/Oakland/2970-Barrett-St-94605/home/1806572,EBRD/CCAR/Bay East,40760222,N,Y,37.7443679,-122.1464189
PAST SALE,November-4-2016,Single Family Residential,4072 OAK HILL Rd,Oakland,CA,94605,682000,3,2.0,Sequoyah,1681,9280,1959,530,406,,Sold,,,http://www.redfin.com/CA/Oakland/4072-Oak-Hill-Rd-94605/home/1843844,EBRD/CCAR/Bay East,40758007,N,Y,37.7604497,-122.1416282
PAST SALE,May-29-2015,Single Family Residential,142 SEQUOYAH VIEW Dr,Oakland,CA,94605,700380,3,2.0,Sequoyah Heights,1989,7081,1962,1055,352,,Sold,,,http://www.redfin.com/CA/Oakland/142-Sequoyah-View-Dr-94605/home/1946621,EBRD/CCAR/Bay East,40694609,N,Y,37.7606688,-122.1387003
PAST SALE,April-20-2015,Single Family Residential,22 DONNA Way,Oakland,CA,94605,860000,4,2.0,Sequoyah Heights,2268,9500,1962,1094,379,,Sold,,,http://www.redfin.com/CA/Oakland/22-Donna-Way-94605/home/1965070,EBRD/CCAR/Bay East,40689406,N,Y,37.7607907,-122.1335764
PAST SALE,,Single Family Residential,61 Sequoyah View Dr,Oakland,CA,94605,725000,3,2.0,,1666,7812,1957,,435,,,,,http://www.redfin.com/CA/Oakland/61-Sequoyah-View-Dr-94605/home/2017790,,,N,Y,37.7618204,-122.1399424
PAST SALE,,Single Family Residential,10530 Stella St,Oakland,CA,94605,740000,4,3.0,,2892,4821,2007,,256,,,,,http://www.redfin.com/CA/Oakland/10530-Stella-St-94605/home/17188121,,,N,Y,37.7484361,-122.1432251
PAST SALE,July-16-2015,Multi-Family (2-4 Unit),6624 Bancroft Ave,Oakland,CA,94605-2007,425500,5,4.0,Oakland,,7500,1954,1007,,,Sold,,,http://www.redfin.com/CA/Oakland/6624-Bancroft-Ave-94605/home/63699134,EBRD/CCAR/Bay East,40686684,N,Y,37.7699328,-122.1825851
PAST SALE,September-6-2016,Multi-Family (2-4 Unit),2822 Havenscourt,Oakland,CA,94605,384000,3,3.0,Oakland,2400,3800,1927,589,160,,Sold,,,http://www.redfin.com/CA/Oakland/2822-Havenscourt-Blvd-94605/home/104483840,EBRD/CCAR/Bay East,40735812,N,Y,37.7700949,-122.1816708
PAST SALE,,Single Family Residential,2436 Havenscourt Blvd,Oakland,CA,94605,1227273,2,1.0,,1093,4000,1924,,1123,,,,,http://www.redfin.com/CA/Oakland/2436-Havenscourt-Blvd-94605/home/536749,,,N,Y,37.766119,-122.1864338
PAST SALE,December-1-2016,Single Family Residential,6120 Camden St,Oakland,CA,94605,562000,2,1.0,Millmont,1141,3800,1926,503,493,,Sold,,,http://www.redfin.com/CA/Oakland/6120-Camden-St-94605/home/563688,EBRD/CCAR/Bay East,40761628,N,Y,37.7740201,-122.1835405
PAST SALE,July-17-2015,Single Family Residential,2689 68th Ave,Oakland,CA,94605,300000,3,1.0,Heavenscourt,755,2500,1925,1006,397,,Sold,,,http://www.redfin.com/CA/Oakland/2689-68th-Ave-94605/home/571315,EBRD/CCAR/Bay East,40697908,N,Y,37.7678114,-122.1817668
PAST SALE,,Multi-Family (2-4 Unit),2685 Havenscourt Blvd,Oakland,CA,94605,575000,4,4.0,,3120,5000,1940,,184,,,,,http://www.redfin.com/CA/Oakland/2685-Havenscourt-Blvd-94605/home/572333,,,N,Y,37.7689382,-122.182964
PAST SALE,,Multi-Family (2-4 Unit),5922 Camden St,Oakland,CA,94605,200000,8,5.0,,4622,4000,1941,,43,,,,,http://www.redfin.com/CA/Oakland/5922-Camden-St-94605/home/678537,,,N,Y,37.7751942,-122.1848264
PAST SALE,May-19-2015,Single Family Residential,2693 67TH Ave,Oakland,CA,94605,400000,3,2.0,Havenscourt,1325,3000,1928,1065,302,,Sold,,,http://www.redfin.com/CA/Oakland/2693-67th-Ave-94605/home/710435,EBRD/CCAR/Bay East,40695503,N,Y,37.7684086,-122.1822545
PAST SALE,December-21-2015,Single Family Residential,8725 Seneca St,Oakland,CA,94605,480000,2,1.0,Alameda County,1376,9450,1946,849,349,,Sold,,,http://www.redfin.com/CA/Oakland/8725-Seneca-St-94605/home/691523,BAREIS,21525956,N,Y,37.7582455,-122.1594151
PAST SALE,December-4-2015,Single Family Residential,2500 82ND Ave,Oakland,CA,94605,335000,3,2.0,Oakland,1358,3500,1927,866,247,,Sold,,,http://www.redfin.com/CA/Oakland/2500-82nd-Ave-94605/home/843489,EBRD/CCAR/Bay East,40718796,N,Y,37.7619436,-122.1658905
PAST SALE,June-16-2017,Single Family Residential,8416 Ney Ave,Oakland,CA,94605,722000,4,2.5,Eastmont Hills,2081,5500,1953,306,347,,Sold,,,http://www.redfin.com/CA/Oakland/8416-Ney-Ave-94605/home/585068,EBRD/CCAR/Bay East,40780950,N,Y,37.7627237,-122.1598365
PAST SALE,May-8-2015,Single Family Residential,2280 82ND Ave,Oakland,CA,94605,283000,2,1.0,Oakland,825,3480,1921,1076,343,,Sold,,,http://www.redfin.com/CA/Oakland/2280-82nd-Ave-94605/home/1914245,EBRD/CCAR/Bay East,40692228,N,Y,37.7606794,-122.1688179
PAST SALE,March-1-2017,Single Family Residential,3000 El Monte Ave,Oakland,CA,94605,685000,3,2.0,Oak Knoll,1733,6232,1948,413,395,,Sold,,,http://www.redfin.com/CA/Oakland/3000-El-Monte-Ave-94605/home/1914252,EBRD/CCAR/Bay East,40769073,N,Y,37.7641728,-122.1595482
PAST SALE,June-19-2015,Single Family Residential,8612 HILLSIDE St,Oakland,CA,94605-3936,202000,2,1.0,Oakland,828,4290,1942,1034,244,,Sold,,,http://www.redfin.com/CA/Oakland/8612-Hillside-St-94605/home/2045010,EBRD/CCAR/Bay East,40686447,N,Y,37.7579366,-122.1639841
PAST SALE,,Single Family Residential,2225 Auseon Ave,Oakland,CA,94605,110000,3,1.0,,1232,6180,1919,,89,,,,,http://www.redfin.com/CA/Oakland/2225-Auseon-Ave-94605/home/2045031,,,N,Y,37.7566898,-122.167221
PAST SALE,August-21-2015,Single Family Residential,7940 Greenly Dr,Oakland,CA,94605,440000,2,1.0,King Estates,853,5700,1945,971,516,,Sold,,,http://www.redfin.com/CA/Oakland/7940-Greenly-Dr-94605/home/1995361,EBRD/CCAR/Bay East,40705992,N,Y,37.7694495,-122.1577741
PAST SALE,,Single Family Residential,2750 79th Ave,Oakland,CA,94605,250000,2,1.0,,1152,4620,1926,,217,,,,,http://www.redfin.com/CA/Oakland/2750-79th-Ave-94605/home/574395,,,N,Y,37.7646354,-122.1681967
PAST SALE,,Multi-Family (2-4 Unit),7700 Ney Ave,Oakland,CA,94605,720000,15,7.0,,5799,13100,1964,,124,,,,,http://www.redfin.com/CA/Oakland/7700-Ney-Ave-94605/home/576667,,,N,Y,37.7681976,-122.1673984
PAST SALE,March-7-2017,Single Family Residential,3301 Partridge Ave,Oakland,CA,94605,580000,3,2.0,Eastmont Hills,1192,5184,1941,407,487,,Sold,,,http://www.redfin.com/CA/Oakland/3301-Partridge-Ave-94605/home/578281,EBRD/CCAR/Bay East,40763473,N,Y,37.7660223,-122.1607014
PAST SALE,December-11-2015,Single Family Residential,2723 RITCHIE St,Oakland,CA,94605,330000,2,1.0,Eastmont,1172,4800,1926,859,282,,Sold,,,http://www.redfin.com/CA/Oakland/2723-Ritchie-St-94605/home/963443,EBRD/CCAR/Bay East,40724422,N,Y,37.7640052,-122.1685515
PAST SALE,January-22-2016,Single Family Residential,2318 86TH Ave,Oakland,CA,94605,300000,3,1.0,East Oakland,1176,3500,1919,817,255,,Sold,,,http://www.redfin.com/CA/Oakland/2318-86th-Ave-94605/home/1031407,EBRD/CCAR/Bay East,40719480,N,Y,37.7577559,-122.1658018
PAST SALE,May-15-2015,Single Family Residential,7527 DEERWOOD Ave,Oakland,CA,94605-2732,355000,2,2.0,Eastmont Mall,1000,4032,1942,1069,355,,Sold,,,http://www.redfin.com/CA/Oakland/7527-Deerwood-Ave-94605/home/575181,EBRD/CCAR/Bay East,40685498,N,Y,37.7623866,-122.1783966
PAST SALE,,Single Family Residential,7400 Halliday Ave,Oakland,CA,94605,215000,2,1.0,,828,3978,1941,,260,,,,,http://www.redfin.com/CA/Oakland/7400-Halliday-Ave-94605/home/1001196,,,N,Y,37.764809,-122.1769332
PAST SALE,,Multi-Family (2-4 Unit),3400 Seminary Ave,Oakland,CA,94605,143500,4,2.0,,1454,4521,1939,,99,,,,,http://www.redfin.com/CA/Oakland/3400-Seminary-Ave-94605/home/562434,,,N,Y,37.777379,-122.182262
PAST SALE,June-19-2017,Single Family Residential,3138 60Th Ave,Oakland,CA,94605,535000,2,1.0,Chevrolet Park,1046,4180,1925,303,511,,Sold,,,http://www.redfin.com/CA/Oakland/3138-60th-Ave-94605/home/2040465,EBRD/CCAR/Bay East,40777231,N,Y,37.7752202,-122.1837622
PAST SALE,November-29-2017,Single Family Residential,3845 Delmont Ave,Oakland,CA,94605,688000,2,2.0,Millsmont Area,1004,6050,1926,140,685,,Sold,,,http://www.redfin.com/CA/Oakland/3845-Delmont-Ave-94605/home/531003,EBRD/CCAR/Bay East,40799719,N,Y,37.7772959,-122.1725428
PAST SALE,November-13-2017,Single Family Residential,5808 Fleming Ave,Oakland,CA,94605,750000,3,3.0,Maxwell  Park,2334,4005,1928,156,321,,Sold,,,http://www.redfin.com/CA/Oakland/5808-Fleming-Ave-94605/home/565538,EBRD/CCAR/Bay East,40800647,N,Y,37.7731047,-122.18997
PAST SALE,September-8-2017,Single Family Residential,5514 Laverne Ave,Oakland,CA,94605,469900,2,1.0,Maxwell  Park,986,3500,1922,222,477,,Sold,,,http://www.redfin.com/CA/Oakland/5514-Laverne-Ave-94605/home/813001,EBRD/CCAR/Bay East,40786856,N,Y,37.7731938,-122.1944483
PAST SALE,May-22-2017,Single Family Residential,5638 Picardy Dr,Oakland,CA,94605,540000,2,1.0,Mills Gardens,1154,3534,1926,331,468,,Sold,,,http://www.redfin.com/CA/Oakland/5638-Picardy-Dr-N-94605/home/1743212,EBRD/CCAR/Bay East,40777127,N,Y,37.7751381,-122.1896597
PAST SALE,June-21-2017,Single Family Residential,3330 65Th Ave,Oakland,CA,94605,610000,3,2.0,Oakland,1410,5250,1940,301,433,,Sold,,,http://www.redfin.com/CA/Oakland/3330-65th-Ave-94605/home/1936906,EBRD/CCAR/Bay East,40770954,N,Y,37.7733512,-122.1778423
PAST SALE,August-17-2017,Single Family Residential,6144 Oakdale Ave,Oakland,CA,94605,639000,2,1.5,Upper Millsmont,1082,8774,1949,244,591,,Sold,,,http://www.redfin.com/CA/Oakland/6144-Oakdale-Ave-94605/home/1957536,EBRD/CCAR/Bay East,40789446,N,Y,37.7788058,-122.1768888
PAST SALE,,Single Family Residential,5917 Mauritania Ave,Oakland,CA,94605,530000,3,1.0,,1529,5000,1935,,347,,,,,http://www.redfin.com/CA/Oakland/5917-Mauritania-Ave-94605/home/564596,,,N,Y,37.7770559,-122.1823876
PAST SALE,,Single Family Residential,6198 Oakdale Ave,Oakland,CA,94605,250000,3,2.5,,1823,6144,1950,,137,,,,,http://www.redfin.com/CA/Oakland/6198-Oakdale-Ave-94605/home/564441,,,N,Y,37.7785059,-122.1754254
PAST SALE,July-26-2017,Single Family Residential,5628 Laverne Ave,Oakland,CA,94605,495000,2,1.0,Maxwell  Park,1362,4000,1924,266,363,,Sold,,,http://www.redfin.com/CA/Oakland/5628-Laverne-Ave-94605/home/568313,EBRD/CCAR/Bay East,40782068,N,Y,37.772566,-122.1936946
PAST SALE,July-10-2017,Single Family Residential,6036 Leona St,Oakland,CA,94605,650000,3,2.0,Leona Heights,1204,9372,1960,282,540,,Sold,,,http://www.redfin.com/CA/Oakland/6036-Leona-St-94605/home/1975251,EBRD/CCAR/Bay East,40783015,N,Y,37.7826176,-122.1724541
PAST SALE,February-26-2018,Single Family Residential,5706 Picardy Dr,Oakland,CA,94605,615000,3,1.0,Millmont,1300,3534,1926,51,473,,Sold,,,http://www.redfin.com/CA/Oakland/5706-Picardy-Dr-N-94605/home/1667331,EBRD/CCAR/Bay East,40804959,N,Y,37.7749684,-122.1894823
PAST SALE,February-28-2018,Single Family Residential,6310 Outlook Ave,Oakland,CA,94605,550000,2,2.0,Chevrolet Park,1763,3800,1929,49,312,,Sold,,,http://www.redfin.com/CA/Oakland/6310-Outlook-Ave-94605/home/1970662,EBRD/CCAR/Bay East,40809979,N,Y,37.7765757,-122.1771106
PAST SALE,July-14-2015,Single Family Residential,2718 Seminary,Oakland,CA,94605,369000,4,2.0,Millls College,1173,4400,1923,1009,315,,Sold,,,http://www.redfin.com/CA/Oakland/2718-Seminary-Ave-94605/home/1141833,EBRD/CCAR/Bay East,40700938,N,Y,37.7724018,-122.1887285
PAST SALE,December-8-2015,Multi-Family (2-4 Unit),3206 61st Ave,Oakland,CA,94605,560000,6,4.0,Millls College,2800,4150,1967,862,200,,Sold,,,http://www.redfin.com/CA/Oakland/3206-61st-Ave-94605/home/1330064,EBRD/CCAR/Bay East,40720423,N,Y,37.7747718,-122.1827867
PAST SALE,April-21-2015,Single Family Residential,6447 Outlook,Oakland,CA,94605-2125,582000,5,3.0,Millls College,2550,4870,1949,1093,228,,Sold,,,http://www.redfin.com/CA/Oakland/6447-Outlook-Ave-94605/home/1930313,EBRD/CCAR/Bay East,40686967,N,Y,37.7754765,-122.1763123
PAST SALE,October-22-2015,Single Family Residential,3214 60TH Ave,Oakland,CA,94605,400000,2,1.0,Millls College,996,2925,1923,909,402,,Sold,,,http://www.redfin.com/CA/Oakland/3214-60th-Ave-94605/home/1999642,EBRD/CCAR/Bay East,40714970,N,Y,37.7755045,-122.1833188
PAST SALE,February-23-2017,Condo/Co-op,8783 MOUNTAIN Blvd #7,Oakland,CA,94605,399000,2,2.0,Oak Knoll Hgts,1140,,1982,419,350,400,Sold,,,http://www.redfin.com/CA/Oakland/8783-Mountain-Blvd-94605/unit-7/home/1525007,EBRD/CCAR/Bay East,40764819,N,Y,37.764006,-122.149865
PAST SALE,December-12-2016,Single Family Residential,3464 MARGARITA Ave,Oakland,CA,94605,775000,4,3.0,Oak Knoll,2611,6780,1951,492,297,,Sold,,,http://www.redfin.com/CA/Oakland/3464-Margarita-Ave-94605/home/2000620,EBRD/CCAR/Bay East,40759134,N,Y,37.7580237,-122.150522
PAST SALE,September-28-2016,Multi-Family (2-4 Unit),2402 98th Ave,Oakland,CA,94603,415000,4,2.0,Oakland,1570,5655,1940,567,264,,Sold,,,http://www.redfin.com/CA/Oakland/2402-98th-Ave-94603/home/1525326,EBRD/CCAR/Bay East,40748484,N,Y,37.7494149,-122.1593455
PAST SALE,,Condo/Co-op,9849 MacArthur Blvd,Oakland,CA,94605,312500,3,3.0,,1565,,2016,,200,,,,,http://www.redfin.com/CA/Oakland/9849-MacArthur-Blvd-94605/home/108616507,,,N,Y,37.7487555,-122.1584837
PAST SALE,,Condo/Co-op,9849 MacArthur Blvd,Oakland,CA,94605,312500,3,3.0,,1565,,2016,,200,,,,,http://www.redfin.com/CA/Oakland/9849-MacArthur-Blvd-94605/home/108616496,,,N,Y,37.7487555,-122.1584837
PAST SALE,,Condo/Co-op,9849 MacArthur Blvd,Oakland,CA,94605,312500,3,3.0,,1565,,2016,,200,,,,,http://www.redfin.com/CA/Oakland/9849-MacArthur-Blvd-94605/home/108616501,,,N,Y,37.7487555,-122.1584837
PAST SALE,,Condo/Co-op,9849 MacArthur Blvd,Oakland,CA,94605,312500,3,3.0,,1565,,2016,,200,,,,,http://www.redfin.com/CA/Oakland/9849-MacArthur-Blvd-94605/home/108616504,,,N,Y,37.7487555,-122.1584837
PAST SALE,March-21-2016,Condo/Co-op,740 Canyon Oaks Dr Unit C,OAKLAND,CA,94605,450000,2,2.0,OAKLAND,1123,,1988,758,401,455,Sold,,,http://www.redfin.com/CA/Oakland/740-Canyon-Oaks-Dr-94605/unit-C/home/568008,MLSListings,ML81549443,N,Y,37.774902,-122.145004
PAST SALE,,Single Family Residential,10626 Sheldon St,Oakland,CA,94605,233500,2,1.0,,1272,6466,1949,,184,,,,,http://www.redfin.com/CA/Oakland/10626-Sheldon-St-94605/home/1799067,,,N,Y,37.7460198,-122.1465076
PAST SALE,October-20-2015,Condo/Co-op,3615 Majestic Ave,Oakland,CA,94605,393000,3,2.5,Oakland,1363,6235,1990,911,288,150,Sold,,,http://www.redfin.com/CA/Oakland/3615-Majestic-Ave-94605/home/1386465,EBRD/CCAR/Bay East,40714867,N,Y,37.7792583,-122.1797648
PAST SALE,,Single Family Residential,2101 66th Ave,Oakland,CA,94621,368000,3,1.0,,1261,3880,1921,,292,,,,,http://www.redfin.com/CA/Oakland/2101-66th-Ave-94621/home/570502,,,N,Y,37.764878,-122.190584
PAST SALE,December-31-2015,Single Family Residential,2216 65TH Ave,Oakland,CA,94605,315000,2,1.0,Heavenscourt,896,3100,1925,839,352,,Sold,,,http://www.redfin.com/CA/Oakland/2216-65th-Ave-94605/home/691183,EBRD/CCAR/Bay East,40725005,N,Y,37.765821,-122.189754
PAST SALE,September-9-2016,Single Family Residential,2933 62ND Ave,Oakland,CA,94605,490000,2,1.0,Millsmont Area,1214,4142,1935,586,404,,Sold,,,http://www.redfin.com/CA/Oakland/2933-62nd-Ave-94605/home/567756,EBRD/CCAR/Bay East,40751025,N,Y,37.7724253,-122.1852255
PAST SALE,September-22-2015,Single Family Residential,3000 60th Ave,Oakland,CA,94605,555000,3,1.0,Millsmont Area,,2795,1929,939,,,Sold,,,http://www.redfin.com/CA/Oakland/3000-60th-Ave-94605/home/813015,EBRD/CCAR/Bay East,40706195,N,Y,37.7738595,-122.1855359
PAST SALE,,Single Family Residential,8930 Seneca St,Oakland,CA,94605,490000,2,1.0,,925,5000,1947,,530,,,,,http://www.redfin.com/CA/Oakland/8930-Seneca-St-94605/home/1189404,,,N,Y,37.7574497,-122.1578628
PAST SALE,April-26-2016,Single Family Residential,2945 56TH Ave,Oakland,CA,94605,776000,3,2.0,Mills Gardens,1431,4000,1926,722,542,,Sold,,,http://www.redfin.com/CA/Oakland/2945-56th-Ave-94605/home/772930,EBRD/CCAR/Bay East,40735116,N,Y,37.7766457,-122.1889946
PAST SALE,January-31-2017,Single Family Residential,9140 Fontaine St,Oakland,CA,94605,650000,3,2.0,Oakland,1925,5880,,442,338,,Sold,,,http://www.redfin.com/CA/Oakland/9140-Fontaine-St-94605/home/2000607,San Francisco MLS,453193,N,Y,37.7612061,-122.1572862
